t,x(t) cubeL,F(t) cubeL,x(t) cubeR,v(t) cubeR,F(t) cubeR,L(y-axis) yellowL,w(t) cubeL,v(t) cubeL
0.02,-7,0,5.28,0,1.72,0,0,0
0.04,-7,0,5.280688,0.03439999,1.719312,0,0,0
0.06,-7,0,5.282064,0.06878623,1.717936,0,0,0
0.08,-7,0,5.284127,0.1031449,1.715873,0,0,0
0.09999999,-7,0,5.286876,0.1374624,1.713124,0,0,0
0.12,-7,0,5.290311,0.1717249,1.709689,0,0,0
0.14,-7,0,5.294429,0.2059187,1.705571,0,0,0
0.16,-7,0,5.29923,0.2400301,1.70077,0,0,0
0.18,-7,0,5.304711,0.2740455,1.695289,0,0,0
0.2,-7,0,5.31087,0.3079512,1.68913,0,0,0
0.22,-7,0,5.317704,0.3417338,1.682296,0,0,0
0.24,-7,0,5.325212,0.3753798,1.674788,0,0,0
0.26,-7,0,5.333389,0.4088755,1.666611,0,0,0
0.28,-7,0,5.342234,0.4422078,1.657766,0,0,0
0.3,-7,0,5.351741,0.4753631,1.648259,0,0,0
0.32,-7,0,5.361907,0.5083283,1.638093,0,0,0
0.34,-7,0,5.372729,0.5410901,1.627271,0,0,0
0.36,-7,0,5.384202,0.5736355,1.615798,0,0,0
0.38,-7,0,5.396321,0.6059515,1.603679,0,0,0
0.4,-7,0,5.409081,0.638025,1.590919,0,0,0
0.42,-7,0,5.422478,0.6698434,1.577522,0,0,0
0.4400001,-7,0,5.436506,0.7013938,1.563494,0,0,0
0.4600001,-7,0,5.451159,0.7326637,1.548841,0,0,0
0.4800001,-7,0,5.466432,0.7636405,1.533568,0,0,0
0.5000001,-7,0,5.482318,0.7943119,1.517682,0,0,0
0.52,-7,0,5.498812,0.8246655,1.501188,0,0,0
0.54,-7,0,5.515905,0.8546892,1.484095,0,0,0
0.56,-7,0,5.533593,0.8843712,1.466407,0,0,0
0.58,-7,0,5.551867,0.9136993,1.448133,0,0,0
0.6,-7,0,5.57072,0.942662,1.42928,0,0,0
0.6199999,-7,0,5.590145,0.9712476,1.409855,0,0,0
0.6399999,-7,0,5.610134,0.9994447,1.389866,0,0,0
0.6599999,-7,0,5.630679,1.027242,1.369321,0,0,0
0.6799999,-7,0,5.651771,1.054628,1.348229,0,0,0
0.6999999,-7,0,5.673403,1.081593,1.326597,0,0,0
0.7199998,-7,0,5.695565,1.108125,1.304435,0,0,0
0.7399998,-7,0,5.718249,1.134214,1.281751,0,0,0
0.7599998,-7,0,5.741446,1.159849,1.258554,0,0,0
0.7799998,-7,0,5.765147,1.18502,1.234853,0,0,0
0.7999998,-7,0,5.789341,1.209717,1.210659,0,0,0
0.8199998,-7,0,5.81402,1.23393,1.18598,0,0,0
0.8399997,-7,0,5.839173,1.25765,1.160827,0,0,0
0.8599997,-7,0,5.86479,1.280866,1.13521,0,0,0
0.8799997,-7,0,5.890862,1.30357,1.109138,0,0,0
0.8999997,-7,0,5.917377,1.325753,1.082623,0,0,0
0.9199997,-7,0,5.944324,1.347406,1.055676,0,0,0
0.9399996,-7,0,5.971695,1.368519,1.028305,0,0,0
0.9599996,-7,0,5.999476,1.389085,1.000524,0,0,0
0.9799996,-7,0,6.027658,1.409096,0.9723415,0,0,0
0.9999996,-7,0,6.056229,1.428542,0.9437709,0,0,0
1.02,-7,0,6.085177,1.447418,0.9148226,0,0,0
1.04,-7,0,6.114492,1.465714,0.8855081,0,0,0
1.06,-7,0,6.14416,1.483425,0.8558397,0,0,0
1.08,-7,0,6.174171,1.500541,0.825829,0,0,0
1.1,-7,0,6.204512,1.517058,0.7954879,0,0,0
1.12,-7,0,6.235171,1.532968,0.7648287,0,0,0
1.14,-7,0,6.266137,1.548264,0.7338634,0,0,0
1.159999,-7,0,6.297396,1.562942,0.7026043,0,0,0
1.179999,-7,0,6.328936,1.576994,0.6710644,0,0,0
1.199999,-7,0,6.360744,1.590415,0.639256,0,0,0
1.219999,-7,0,6.392808,1.6032,0.607192,0,0,0
1.239999,-7,0,6.425115,1.615344,0.5748854,0,0,0
1.259999,-7,0,6.457652,1.626842,0.5423484,0,0,0
1.279999,-7,0,6.490406,1.637689,0.5095944,0,0,0
1.299999,-7,0,6.523363,1.64788,0.4766369,0,0,0
1.319999,-7,0,6.556511,1.657413,0.4434886,0,0,0
1.339999,-7,0,6.589837,1.666283,0.4101629,0,0,0
1.359999,-7,0,6.623327,1.674486,0.3766732,0,0,0
1.379999,-7,0,6.656967,1.68202,0.3430328,0,0,0
1.399999,-7,0,6.690745,1.68888,0.3092551,0,0,0
1.419999,-7,0,6.724646,1.695065,0.2753539,0,0,0
1.439999,-7,0,6.758657,1.700572,0.2413425,0,0,0
1.459999,-7,0,6.792766,1.705399,0.2072344,0,0,0
1.479999,-7,0,6.826956,1.709544,0.1730437,0,0,0
1.499999,-7,0,6.861217,1.713005,0.1387835,0,0,0
1.519999,-7,0,6.895532,1.71578,0.1044679,0,0,0
1.539999,-7,0,6.92989,1.71787,0.07011032,0,0,0
1.559999,-7,0,6.964275,1.719272,0.03572464,0,0,0
1.579999,-7,0,6.998675,1.719987,0.00132513,0,0,0
1.599999,-7,0,7.033075,1.720013,-0.03307533,0,0,0
1.619999,-7,0,7.067462,1.719352,-0.06746244,0,0,0
1.639999,-7,0,7.101822,1.718002,-0.1018224,0,0,0
1.659999,-7,0,7.136142,1.715966,-0.1361418,0,0,0
1.679999,-7,0,7.170407,1.713243,-0.1704068,0,0,0
1.699999,-7,0,7.204604,1.709835,-0.2046037,0,0,0
1.719999,-7,0,7.238719,1.705743,-0.2387185,0,0,0
1.739999,-7,0,7.272738,1.700969,-0.272738,0,0,0
1.759999,-7,0,7.306648,1.695514,-0.3066483,0,0,0
1.779999,-7,0,7.340436,1.689381,-0.340436,0,0,0
1.799999,-7,0,7.374087,1.682572,-0.3740873,0,0,0
1.819999,-7,0,7.407589,1.67509,-0.407589,0,0,0
1.839999,-7,0,7.440928,1.666939,-0.4409275,0,0,0
1.859999,-7,0,7.47409,1.65812,-0.4740901,0,0,0
1.879999,-7,0,7.507063,1.648638,-0.5070629,0,0,0
1.899999,-7,0,7.539833,1.638497,-0.5398331,0,0,0
1.919999,-7,0,7.572387,1.6277,-0.5723872,0,0,0
1.939999,-7,0,7.604712,1.616253,-0.6047125,0,0,0
1.959999,-7,0,7.636796,1.604158,-0.6367955,0,0,0
1.979999,-7,0,7.668624,1.591422,-0.6686239,0,0,0
1.999999,-7,0,7.700185,1.57805,-0.7001848,0,0,0
2.019999,-7,0,7.731466,1.564046,-0.7314658,0,0,0
2.039999,-7,0,7.762454,1.549417,-0.762454,0,0,0
2.059999,-7,0,7.793138,1.534168,-0.7931376,0,0,0
2.079999,-7,0,7.823503,1.518305,-0.8235035,0,0,0
2.099999,-7,0,7.85354,1.501835,-0.8535404,0,0,0
2.119999,-7,0,7.883236,1.484764,-0.8832359,0,0,0
2.139999,-7,0,7.912578,1.467099,-0.9125781,0,0,0
2.159999,-7,0,7.941555,1.448848,-0.941555,0,0,0
2.179999,-7,0,7.970155,1.430017,-0.9701552,0,0,0
2.199999,-7,0,7.998367,1.410614,-0.9983673,0,0,0
2.219999,-7,0,8.02618,1.390646,-1.02618,0,0,0
2.239999,-7,0,8.053583,1.370123,-1.053583,0,0,0
2.259999,-7,0,8.080564,1.349051,-1.080564,0,0,0
2.279999,-7,0,8.107113,1.32744,-1.107113,0,0,0
2.299999,-7,0,8.133219,1.305297,-1.133219,0,0,0
2.319999,-7,0,8.158872,1.282633,-1.158872,0,0,0
2.339998,-7,0,8.184061,1.259456,-1.184061,0,0,0
2.359998,-7,0,8.208776,1.235775,-1.208776,0,0,0
2.379998,-7,0,8.233008,1.211599,-1.233008,0,0,0
2.399998,-7,0,8.256747,1.186939,-1.256747,0,0,0
2.419998,-7,0,8.279984,1.161804,-1.279984,0,0,0
2.439998,-7,0,8.302708,1.136204,-1.302708,0,0,0
2.459998,-7,0,8.324911,1.11015,-1.324911,0,0,0
2.479998,-7,0,8.346584,1.083652,-1.346584,0,0,0
2.499998,-7,0,8.367719,1.05672,-1.367719,0,0,0
2.519998,-7,0,8.388306,1.029366,-1.388306,0,0,0
2.539998,-7,0,8.408338,1.0016,-1.408338,0,0,0
2.559998,-7,0,8.427806,0.973433,-1.427806,0,0,0
2.579998,-7,0,8.446704,0.9448769,-1.446704,0,0,0
2.599998,-7,0,8.465023,0.9159428,-1.465023,0,0,0
2.619998,-7,0,8.482756,0.8866424,-1.482756,0,0,0
2.639998,-7,0,8.499895,0.8569873,-1.499895,0,0,0
2.659998,-7,0,8.516435,0.8269894,-1.516435,0,0,0
2.679998,-7,0,8.532368,0.7966607,-1.532368,0,0,0
2.699998,-7,0,8.547688,0.7660134,-1.547688,0,0,0
2.719998,-7,0,8.562388,0.7350596,-1.562388,0,0,0
2.739998,-7,0,8.576465,0.7038118,-1.576465,0,0,0
2.759998,-7,0,8.589911,0.6722825,-1.589911,0,0,0
2.779998,-7,0,8.60272,0.6404843,-1.60272,0,0,0
2.799998,-7,0,8.614889,0.6084299,-1.614889,0,0,0
2.819998,-7,0,8.626411,0.5761321,-1.626411,0,0,0
2.839998,-7,0,8.637283,0.5436039,-1.637283,0,0,0
2.859998,-7,0,8.6475,0.5108582,-1.6475,0,0,0
2.879998,-7,0,8.657058,0.4779083,-1.657058,0,0,0
2.899998,-7,0,8.665953,0.4447671,-1.665953,0,0,0
2.919998,-7,0,8.674182,0.411448,-1.674182,0,0,0
2.939998,-7,0,8.681741,0.3779644,-1.681741,0,0,0
2.959998,-7,0,8.688627,0.3443296,-1.688627,0,0,0
2.979998,-7,0,8.694839,0.310557,-1.694839,0,0,0
2.999998,-7,0,8.700372,0.2766602,-1.700372,0,0,0
3.019998,-7,0,8.705225,0.2426528,-1.705225,0,0,0
3.039998,-7,0,8.709396,0.2085483,-1.709396,0,0,0
3.059998,-7,0,8.712884,0.1743604,-1.712884,0,0,0
3.079998,-7,0,8.715686,0.1401027,-1.715686,0,0,0
3.099998,-7,0,8.717802,0.105789,-1.717802,0,0,0
3.119998,-7,0,8.719231,0.07143295,-1.719231,0,0,0
3.139998,-7,0,8.719972,0.03704834,-1.719972,0,0,0
3.159998,-7,0,8.720025,0.002648905,-1.720025,0,0,0
3.179998,-7,0,8.71939,-0.0317516,-1.71939,0,0,0
3.199998,-7,0,8.718067,-0.06613939,-1.718067,0,0,0
3.219998,-7,0,8.716057,-0.1005007,-1.716057,0,0,0
3.239998,-7,0,8.713361,-0.1348219,-1.713361,0,0,0
3.259998,-7,0,8.709979,-0.1690891,-1.709979,0,0,0
3.279998,-7,0,8.705914,-0.2032887,-1.705914,0,0,0
3.299998,-7,0,8.701165,-0.2374069,-1.701165,0,0,0
3.319998,-7,0,8.695737,-0.2714302,-1.695737,0,0,0
3.339998,-7,0,8.68963,-0.305345,-1.68963,0,0,0
3.359998,-7,0,8.682847,-0.3391376,-1.682847,0,0,0
3.379997,-7,0,8.675391,-0.3727945,-1.675391,0,0,0
3.399997,-7,0,8.667265,-0.4063023,-1.667265,0,0,0
3.419997,-7,0,8.658472,-0.4396476,-1.658472,0,0,0
3.439997,-7,0,8.649015,-0.4728171,-1.649015,0,0,0
3.459997,-7,0,8.6389,-0.5057974,-1.6389,0,0,0
3.479997,-7,0,8.628128,-0.5385754,-1.628128,0,0,0
3.499997,-7,0,8.616705,-0.571138,-1.616705,0,0,0
3.519997,-7,0,8.604635,-0.6034721,-1.604635,0,0,0
3.539997,-7,0,8.591924,-0.6355647,-1.591924,0,0,0
3.559997,-7,0,8.578576,-0.6674032,-1.578576,0,0,0
3.579997,-7,0,8.564596,-0.6989747,-1.564596,0,0,0
3.599997,-7,0,8.549991,-0.7302666,-1.549991,0,0,0
3.619997,-7,0,8.534765,-0.7612665,-1.534765,0,0,0
3.639997,-7,0,8.518926,-0.7919618,-1.518926,0,0,0
3.659997,-7,0,8.502479,-0.8223403,-1.502479,0,0,0
3.679997,-7,0,8.485431,-0.8523899,-1.485431,0,0,0
3.699997,-7,0,8.467789,-0.8820985,-1.467789,0,0,0
3.719997,-7,0,8.449559,-0.9114543,-1.449559,0,0,0
3.739997,-7,0,8.43075,-0.9404454,-1.43075,0,0,0
3.759997,-7,0,8.411368,-0.9690604,-1.411368,0,0,0
3.779997,-7,0,8.391422,-0.9972878,-1.391422,0,0,0
3.799997,-7,0,8.37092,-1.025116,-1.37092,0,0,0
3.819997,-7,0,8.34987,-1.052535,-1.34987,0,0,0
3.839997,-7,0,8.328279,-1.079532,-1.328279,0,0,0
3.859997,-7,0,8.306157,-1.106098,-1.306157,0,0,0
3.879997,-7,0,8.283513,-1.132221,-1.283513,0,0,0
3.899997,-7,0,8.260355,-1.157891,-1.260355,0,0,0
3.919997,-7,0,8.236693,-1.183098,-1.236693,0,0,0
3.939997,-7,0,8.212537,-1.207832,-1.212537,0,0,0
3.959997,-7,0,8.187895,-1.232083,-1.187895,0,0,0
3.979997,-7,0,8.162778,-1.255841,-1.162778,0,0,0
3.999997,-7,0,8.137196,-1.279096,-1.137196,0,0,0
4.019997,-7,0,8.111158,-1.30184,-1.111158,0,0,0
4.039997,-7,0,8.084677,-1.324063,-1.084677,0,0,0
4.059997,-7,0,8.057761,-1.345757,-1.057761,0,0,0
4.079997,-7,0,8.030423,-1.366912,-1.030423,0,0,0
4.099997,-7,0,8.002673,-1.387521,-1.002673,0,0,0
4.119997,-7,0,7.974522,-1.407574,-0.9745216,0,0,0
4.139997,-7,0,7.945981,-1.427065,-0.9459805,0,0,0
4.159997,-7,0,7.917061,-1.445984,-0.9170609,0,0,0
4.179997,-7,0,7.887774,-1.464325,-0.8877745,0,0,0
4.199997,-7,0,7.858133,-1.482081,-0.8581328,0,0,0
4.219997,-7,0,7.828148,-1.499243,-0.8281479,0,0,0
4.239997,-7,0,7.797832,-1.515806,-0.7978315,0,0,0
4.259997,-7,0,7.767196,-1.531763,-0.7671962,0,0,0
4.279997,-7,0,7.736254,-1.547107,-0.7362542,0,0,0
4.299997,-7,0,7.705018,-1.561832,-0.7050176,0,0,0
4.319997,-7,0,7.673499,-1.575932,-0.6734991,0,0,0
4.339997,-7,0,7.641711,-1.589402,-0.6417112,0,0,0
4.359997,-7,0,7.609666,-1.602237,-0.6096663,0,0,0
4.379997,-7,0,7.577378,-1.61443,-0.5773778,0,0,0
4.399997,-7,0,7.544858,-1.625977,-0.5448585,0,0,0
4.419997,-7,0,7.512121,-1.636875,-0.5121212,0,0,0
4.439997,-7,0,7.479179,-1.647117,-0.4791789,0,0,0
4.459997,-7,0,7.446045,-1.656701,-0.4460449,0,0,0
4.479997,-7,0,7.412733,-1.665622,-0.4127326,0,0,0
4.499997,-7,0,7.379255,-1.673876,-0.3792553,0,0,0
4.519997,-7,0,7.345626,-1.681461,-0.3456259,0,0,0
4.539997,-7,0,7.311858,-1.688374,-0.3118582,0,0,0
4.559997,-7,0,7.277966,-1.694611,-0.277966,0,0,0
4.579997,-7,0,7.243963,-1.70017,-0.2439628,0,0,0
4.599997,-7,0,7.209862,-1.705049,-0.2098618,0,0,0
4.619997,-7,0,7.175677,-1.709247,-0.1756768,0,0,0
4.639997,-7,0,7.141422,-1.71276,-0.1414218,0,0,0
4.659997,-7,0,7.10711,-1.715589,-0.10711,0,0,0
4.679996,-7,0,7.072755,-1.717731,-0.07275534,0,0,0
4.699996,-7,0,7.038372,-1.719186,-0.03837156,0,0,0
4.719996,-7,0,7.003973,-1.719953,-0.00397253,0,0,0
4.739996,-7,0,6.969572,-1.720033,0,0,0,0
4.759996,-7,0,6.935184,-1.719424,-1.5,0,0,0
4.779996,-7,0,6.900195,-1.749424,-1.5,0,0,0
4.799996,-7,0,6.864607,-1.779424,-1.5,0,0,0
4.819996,-7,0,6.828418,-1.809424,-1.5,0,0,0
4.839996,-7,0,6.79163,-1.839424,-1.5,0,0,0
4.859996,-7,0,6.754241,-1.869424,-1.5,0,0,0
4.879996,-7,0,6.716253,-1.899424,-1.5,0,0,0
4.899996,-7,0,6.677664,-1.929424,-1.5,0,0,0
4.919996,-7,0,6.638476,-1.959424,-1.5,0,0,0
4.939996,-7,0,6.598688,-1.989424,-1.5,0,0,0
4.959996,-7,0,6.558299,-2.019424,-1.5,0,0,0
4.979996,-7,0,6.517311,-2.049424,-1.5,0,0,0
4.999996,-7,0,6.475722,-2.079424,-1.5,0,0,0
5.019996,-7,0,6.433534,-2.109424,-1.5,0,0,0
5.039996,-7,0,6.390745,-2.139424,-1.5,0,0,0
5.059996,-7,0,6.347357,-2.169424,-1.5,0,0,0
5.079996,-7,0,6.303368,-2.199424,-1.5,0,0,0
5.099996,-7,0,6.25878,-2.229424,-1.5,0,0,0
5.119996,-7,0,6.213591,-2.259424,-1.5,0,0,0
5.139996,-7,0,6.167803,-2.289424,-1.5,0,0,0
5.159996,-7,0,6.121414,-2.319424,-1.5,0,0,0
5.179996,-7,0,6.074426,-2.349424,-1.5,0,0,0
5.199996,-7,0,6.026837,-2.379424,-1.5,0,0,0
5.219996,-7,0,5.978649,-2.409424,-1.5,0,0,0
5.239996,-7,0,5.92986,-2.439424,-1.5,0,0,0
5.259996,-7,0,5.880472,-2.469424,-1.5,0,0,0
5.279996,-7,0,5.830483,-2.499424,-1.5,0,0,0
5.299996,-7,0,5.779895,-2.529423,-1.5,0,0,0
5.319996,-7,0,5.728706,-2.559423,-1.5,0,0,0
5.339996,-7,0,5.676918,-2.589423,-1.5,0,0,0
5.359996,-7,0,5.624529,-2.619423,-1.5,0,0,0
5.379996,-7,0,5.571541,-2.649423,-1.5,0,0,0
5.399996,-7,0,5.517952,-2.679423,-1.5,0,0,0
5.419996,-7,0,5.463764,-2.709423,-1.5,0,0,0
5.439996,-7,0,5.408976,-2.739423,-1.5,0,0,0
5.459996,-7,0,5.353587,-2.769423,-1.5,0,0,0
5.479996,-7,0,5.297599,-2.799423,-1.5,0,0,0
5.499996,-7,0,5.24101,-2.829423,-1.5,0,0,0
5.519996,-7,0,5.183822,-2.859423,-1.5,0,0,0
5.539996,-7,0,5.126033,-2.889423,-1.5,0,0,0
5.559996,-7,0,5.067645,-2.919423,-1.5,0,0,0
5.579996,-7,0,5.008657,-2.949423,-1.5,0,0,0
5.599996,-7,0,4.949068,-2.979423,-1.5,0,0,0
5.619996,-7,0,4.88888,-3.009423,-1.5,0,0,0
5.639996,-7,0,4.828091,-3.039423,-1.5,0,0,0
5.659996,-7,0,4.766703,-3.069423,-1.5,0,0,0
5.679996,-7,0,4.704714,-3.099423,-1.5,0,0,0
5.699996,-7,0,4.642126,-3.129423,-1.5,0,0,0
5.719995,-7,0,4.578938,-3.159423,-1.5,0,0,0
5.739995,-7,0,4.515149,-3.189423,-1.5,0,0,0
5.759995,-7,0,4.450761,-3.219423,-1.5,0,0,0
5.779995,-7,0,4.385772,-3.249423,-1.5,0,0,0
5.799995,-7,0,4.320184,-3.279423,-1.5,0,0,0
5.819995,-7,0,4.253995,-3.309423,-1.5,0,0,0
5.839995,-7,0,4.187207,-3.339423,-1.5,0,0,0
5.859995,-7,0,4.119818,-3.369423,-1.5,0,0,0
5.879995,-7,0,4.05183,-3.399423,-1.5,0,0,0
5.899995,-7,0,3.983241,-3.429423,-1.5,0,0,0
5.919995,-7,0,3.914053,-3.459423,-1.5,0,0,0
5.939995,-7,0,3.844265,-3.489423,-1.5,0,0,0
5.959995,-7,0,3.773876,-3.519423,-1.5,0,0,0
5.979995,-7,0,3.702888,-3.549423,-1.5,0,0,0
5.999995,-7,0,3.631299,-3.579422,-1.5,0,0,0
6.019995,-7,0,3.559111,-3.609422,-1.5,0,0,0
6.039995,-7,0,3.486322,-3.639422,-1.5,0,0,0
6.059995,-7,0,3.412934,-3.669422,-1.5,0,0,0
6.079995,-7,0,3.338945,-3.699422,-1.5,0,0,0
6.099995,-7,0,3.264357,-3.729422,-1.5,0,0,0
6.119995,-7,0,3.189168,-3.759422,-1.5,0,0,0
6.139995,-7,0,3.11338,-3.789422,-1.5,0,0,0
6.159995,-7,0,3.036992,-3.819422,-1.5,0,0,0
6.179995,-7,0,2.960003,-3.849422,-1.5,0,0,0
6.199995,-7,0,2.882415,-3.879422,-1.5,0,0,0
6.219995,-7,0,2.804226,-3.909422,-1.5,0,0,0
6.239995,-7,0,2.725438,-3.939422,-1.5,0,0,0
6.259995,-7,0,2.646049,-3.969422,-1.5,0,0,0
6.279995,-7,0,2.566061,-3.999422,-1.5,0,0,0
6.299995,-7,0,2.485473,-4.029422,-1.5,0,0,0
6.319995,-7,0,2.404284,-4.059422,-1.5,0,0,0
6.339995,-7,0,2.322496,-4.089423,-1.5,0,0,0
6.359995,-7,0,2.240107,-4.119423,-1.5,0,0,0
6.379995,-7,0,2.157119,-4.149423,-1.5,0,0,0
6.399995,-7,0,2.07353,-4.179423,-1.5,0,0,0
6.419995,-7,0,1.989342,-4.209424,-1.5,0,0,0
6.439995,-7,0,1.904554,-4.239424,-1.5,0,0,0
6.459995,-7,0,1.819165,-4.269424,-1.5,0,0,0
6.479995,-7,0,1.733177,-4.299424,-1.5,0,0,0
6.499995,-7,0,1.646588,-4.329424,-1.5,0,0,0
6.519995,-7,0,1.5594,-4.359425,-1.5,0,0,0
6.539995,-7,0,1.471611,-4.389425,-1.5,0,0,0
6.559995,-7,0,1.383223,-4.419425,-1.5,0,0,0
6.579995,-7,0,1.294234,-4.449425,-1.5,0,0,0
6.599995,-7,0,1.204646,-4.479425,-1.5,0,0,0
6.619995,-7,0,1.114457,-4.509426,-1.5,0,0,0
6.639995,-7,0,1.023669,-4.539426,-1.5,0,0,0
6.659995,-7,0,0.9322801,-4.569426,-1.5,0,0,0
6.679995,-7,0,0.8402916,-4.599426,-1.5,0,0,0
6.699995,-7,0,0.7477031,-4.629426,-1.5,0,0,0
6.719995,-7,0,0.6545146,-4.659427,-1.5,0,0,0
6.739995,-7,0,0.560726,-4.689427,-1.5,0,0,0
6.759995,-7,0,0.4663375,-4.719427,-1.5,0,0,0
6.779994,-7,0,0.3713489,-4.749427,-1.5,0,0,0
6.799994,-7,0,0.2757604,-4.779428,-1.5,0,0,0
6.819994,-7,0,0.1795719,-4.809428,-1.5,0,0,0
6.839994,-7,0,0.08278331,-4.839428,-1.5,0,0,0
6.859994,-7,0,-0.01460525,-4.869428,-1.5,0,0,0
6.879994,-7,0,-0.1125938,-4.899428,-1.5,0,0,0
6.899994,-7,0,-0.2111824,-4.929429,-1.5,0,0,0
6.919994,-7,0,-0.310371,-4.959429,-1.5,0,0,0
6.939994,-7,0,-0.4101595,-4.989429,-1.5,0,0,0
6.959994,-7,0,-0.5105481,-5.019429,-1.5,0,0,0
6.979994,-7,0,-0.6115367,-5.049429,-1.5,0,0,0
6.999994,-7,0,-0.7131253,-5.07943,-1.5,0,0,0
7.019994,-7,0,-0.8153139,-5.10943,-1.5,0,0,0
7.039994,-7,0,-0.9181025,-5.13943,-1.5,0,0,0
7.059994,-7,0,-1.021491,-5.16943,-1.5,0,0,0
7.079994,-7,0,-1.12548,-5.19943,-1.5,0,0,0
7.099994,-7,0,-1.230068,-5.229431,-1.5,0,0,0
7.119994,-7,0,-1.335257,-5.259431,-1.5,0,0,0
7.139994,-7,0,-1.441046,-5.289431,-1.5,0,0,0
7.159994,-7,0,-1.547434,-5.319431,-1.5,0,0,0
7.179994,-7,0,-1.654423,-5.349432,-1.5,0,0,0
7.199994,-7,0,-1.762011,-5.379432,-1.5,0,0,0
7.219994,-7,0,-1.8702,-5.409432,-1.5,0,0,0
7.239994,-7,0,-1.978989,-5.439432,-1.5,0,0,0
7.259994,-7,0,-2.088377,-5.469432,-1.5,0,0,0
7.279994,-7,0,-2.198366,-5.499433,-1.5,0,0,0
7.299994,-7,0,-2.308954,-5.529433,-1.5,0,0,0
7.319994,-7,0,-2.420143,-5.559433,-1.5,0,0,0
7.339994,-7,0,-2.531932,-5.589433,-1.5,0,0,0
7.359994,-7,0,-2.64432,-5.619433,-1.5,0,0,0
7.379994,-7,0,-2.757309,-5.649434,-1.5,0,0,0
7.399994,-7,0,-2.870898,-5.679434,-1.5,0,0,0
7.419994,-7,0,-2.985086,-5.709434,-1.5,0,0,0
7.439994,-7,0,-3.099875,-5.739434,-1.5,0,0,0
7.459994,-7,0,-3.215264,-5.769434,-1.5,0,0,0
7.479994,-7,0,-3.331253,-5.799435,-1.5,0,0,0
7.499994,-7,0,-3.447841,-5.829435,-1.5,0,0,0
7.519994,-7,0,-3.56503,-5.859435,-1.5,0,0,0
7.539994,-7,-10,-3.682819,-5.889435,10,0,0,0
7.559994,-7.002,-10,-3.796607,-5.689435,10,0,0,-0.09999999
7.579994,-7.006,-10,-3.906396,-5.489436,10,0,0,-0.2
7.599994,-7.012,-10,-4.012185,-5.289436,10,0,0,-0.3
7.619994,-7.02,-10,-4.113973,-5.089436,10,0,0,-0.4
7.639994,-7.03,-10,-4.211762,-4.889436,10,0,0,-0.5
7.659994,-7.042,-10,-4.305551,-4.689436,10,0,0,-0.6
7.679994,-7.056,-10,-4.395339,-4.489437,10,0,0,-0.6999999
7.699994,-7.072,-10,-4.481128,-4.289437,10,0,0,-0.8
7.719994,-7.09,-10,-4.562917,-4.089437,10,0,0,-0.9
7.739994,-7.11,-10,-4.640706,-3.889437,10,0,0,-1
7.759994,-7.132,-10,-4.714494,-3.689437,10,0,0,-1.1
7.779994,-7.156,-10,-4.784283,-3.489437,10,0,0,-1.2
7.799994,-7.182,-10,-4.850072,-3.289437,10,0,0,-1.3
7.819993,-7.21,-10,-4.91186,-3.089437,10,0,0,-1.4
7.839993,-7.24,-10,-4.969649,-2.889437,10,0,0,-1.5
7.859993,-7.272,-10,-5.023438,-2.689437,10,0,0,-1.6
7.879993,-7.306,-10,-5.073227,-2.489437,10,0,0,-1.7
7.899993,-7.342,-10,-5.119016,-2.289437,10,0,0,-1.8
7.919993,-7.38,-10,-5.160804,-2.089437,10,0,0,-1.9
7.939993,-7.42,-10,-5.198593,-1.889436,10,0,0,-2
7.959993,-7.462,-10,-5.232382,-1.689436,10,0,0,-2.1
7.979993,-7.506,-10,-5.26217,-1.489436,10,0,0,-2.2
7.999993,-7.552,-10,-5.287959,-1.289436,10,0,0,-2.3
8.019994,-7.6,-10,-5.309748,-1.089436,10,0,0,-2.4
8.039994,-7.65,-10,-5.327537,-0.8894363,10,0,0,-2.5
8.059995,-7.702,-10,-5.341325,-0.6894363,10,0,0,-2.6
8.079995,-7.756,-10,-5.351114,-0.4894363,10,0,0,-2.7
8.099996,-7.812,-10,-5.356903,-0.2894363,10,0,0,-2.799999
8.119996,-7.87,-10,-5.358691,-0.08943635,10,0,0,-2.899999
8.139997,-7.93,-10,-5.35648,0.1105636,10,0,0,-2.999999
8.159997,-7.992,-10,-5.350269,0.3105636,10,0,0,-3.099999
8.179997,-8.056,-10,-5.340057,0.5105636,10,0,0,-3.199999
8.199998,-8.122,-10,-5.325846,0.7105636,10,0,0,-3.299999
8.219998,-8.19,-10,-5.307635,0.9105636,10,0,0,-3.399999
8.239999,-8.259999,-10,-5.285424,1.110564,10,0,0,-3.499999
8.259999,-8.331999,-10,-5.259212,1.310564,10,0,0,-3.599999
8.28,-8.405999,-10,-5.229001,1.510564,10,0,0,-3.699999
8.3,-8.481999,-10,-5.19479,1.710564,10,0,0,-3.799999
8.320001,-8.559999,-10,-5.156579,1.910564,10,0,0,-3.899998
8.340001,-8.639999,-10,-5.114367,2.110564,10,0,0,-3.999998
8.360002,-8.721999,-10,-5.068156,2.310564,10,0,0,-4.099998
8.380002,-8.805999,-10,-5.017945,2.510564,10,0,0,-4.199998
8.400002,-8.891998,-10,-4.963734,2.710564,10,0,0,-4.299998
8.420003,-8.979999,-10,-4.905522,2.910564,10,0,0,-4.399998
8.440003,-9.069999,-10,-4.843311,3.110564,10,0,0,-4.499998
8.460004,-9.161999,-10,-4.7771,3.310564,10,0,0,-4.599998
8.480004,-9.255999,-10,-4.706888,3.510564,10,0,0,-4.699998
8.500005,-9.351998,-10,-4.632677,3.710564,10,0,0,-4.799998
8.520005,-9.449998,-10,-4.554466,3.910564,10,0,0,-4.899998
8.540006,-9.549998,-10,-4.472254,4.110564,10,0,0,-4.999998
8.560006,-9.651999,-10,-4.386043,4.310564,10,0,0,-5.099998
8.580007,-9.755999,-10,-4.295832,4.510564,10,0,0,-5.199997
8.600007,-9.861999,-10,-4.201621,4.710564,10,0,0,-5.299997
8.620008,-9.969998,-10,-4.103409,4.910563,10,0,0,-5.399997
8.640008,-10.08,-10,-4.001198,5.110563,10,0,0,-5.499997
8.660008,-10.192,-10,-3.894987,5.310563,10,0,0,-5.599997
8.680009,-10.306,-10,-3.784775,5.510563,10,0,0,-5.699997
8.700009,-10.422,-10,-3.670564,5.710563,10,0,0,-5.799997
8.72001,-10.54,-10,-3.552353,5.910563,10,0,0,-5.899997
8.74001,-10.66,-10,-3.430141,6.110562,10,0,0,-5.999997
8.760011,-10.782,-10,-3.30393,6.310562,10,0,0,-6.099997
8.780011,-10.904,-10,-3.177719,6.310562,10,0,0,-6.099997
8.800012,-11.026,-10,-3.051508,6.310562,10,0,0,-6.099997
8.820012,-11.148,-10,-2.925297,6.310562,10,0,0,-6.099997
8.840013,-11.27,-10,-2.799086,6.310562,10,0,0,-6.099997
8.860013,-11.392,-10,-2.672874,6.310562,10,0,0,-6.099997
8.880013,-11.514,-10,-2.546663,6.310562,10,0,0,-6.099997
8.900014,-11.636,-10,-2.420452,6.310562,10,0,0,-6.099997
8.920014,-11.758,-10,-2.294241,6.310562,10,0,0,-6.099997
8.940015,-11.88,-10,-2.16803,6.310562,10,0,0,-6.099997
8.960015,-12.002,-10,-2.041819,6.310562,10,0,0,-6.099997
8.980016,-12.12399,-10,-1.915607,6.310562,10,0,0,-6.099997
9.000016,-12.24599,-10,-1.789396,6.310562,10,0,0,-6.099997
9.020017,-12.36799,-10,-1.663185,6.310562,10,0,0,-6.099997
9.040017,-12.48999,-10,-1.536973,6.310562,10,0,0,-6.099997
9.060018,-12.61199,-10,-1.410762,6.310562,10,0,0,-6.099997
9.080018,-12.73399,-10,-1.284551,6.310562,10,0,0,-6.099997
9.100019,-12.85599,-10,-1.15834,6.310562,10,0,0,-6.099997
9.120019,-12.97799,-10,-1.032128,6.310562,10,0,0,-6.099997
9.140019,-13.09999,-10,-0.9059171,6.310562,10,0,0,-6.099997
9.16002,-13.22199,-10,-0.7797059,6.310562,10,0,0,-6.099997
9.18002,-13.34399,-10,-0.6534947,6.310562,10,0,0,-6.099997
9.200021,-13.46599,-10,-0.5272834,6.310562,10,0,0,-6.099997
9.220021,-13.58799,-10,-0.4010722,6.310562,10,0,0,-6.099997
9.240022,-13.70999,-10,-0.274861,6.310562,10,0,0,-6.099997
9.260022,-13.83199,-10,-0.1486497,6.310562,10,0,0,-6.099997
9.280023,-13.95399,-10,-0.0224385,6.310562,10,0,0,-6.099997
9.300023,-14.07599,-10,0.1037727,6.310562,10,0,0,-6.099997
9.320024,-14.19799,-10,0.229984,6.310562,10,0,0,-6.099997
9.340024,-14.31999,-10,0.3561952,6.310562,10,0,0,-6.099997
9.360024,-14.44199,-10,0.4824064,6.310562,10,0,0,-6.099997
9.380025,-14.56399,-10,0.6086177,6.310562,10,0,0,-6.099997
9.400025,-14.68599,-10,0.7348289,6.310562,10,0,0,-6.099997
9.420026,-14.80799,-10,0.8610401,6.310562,10,0,0,-6.099997
9.440026,-14.92999,-10,0.9872513,6.310562,10,0,0,-6.099997
9.460027,-15.05199,-10,1.113463,6.310562,10,0,0,-6.099997
9.480027,-15.17399,-10,1.239674,6.310562,10,0,0,-6.099997
9.500028,-15.29599,-10,1.365885,6.310562,10,0,0,-6.099997
9.520028,-15.41799,-10,1.492096,6.310562,10,0,0,-6.099997
9.540029,-15.53999,-10,1.618308,6.310562,10,0,0,-6.099997
9.560029,-15.66199,-10,1.744519,6.310562,10,0,0,-6.099997
9.580029,-15.78399,-10,1.87073,6.310562,10,0,0,-6.099997
9.60003,-15.90599,-10,1.996942,6.310562,10,0,0,-6.099997
9.62003,-16.02799,-10,2.123153,6.310562,10,0,0,-6.099997
9.640031,-16.14999,-10,2.249364,6.310562,10,0,0,-6.099997
9.660031,-16.27199,-10,2.375575,6.310562,10,0,0,-6.099997
9.680032,-16.39399,-10,2.501786,6.310562,10,0,0,-6.099997
9.700032,-16.51599,-10,2.627997,6.310562,10,0,0,-6.099997
9.720033,-16.63799,-10,2.754209,6.310562,10,0,0,-6.099997
9.740033,-16.75998,-10,2.88042,6.310562,10,0,0,-6.099997
9.760034,-16.88198,-10,3.006631,6.310562,10,0,0,-6.099997
9.780034,-17.00398,-10,3.132842,6.310562,10,0,0,-6.099997
9.800035,-17.12598,-10,3.259053,6.310562,10,0,0,-6.099997
9.820035,-17.24798,-10,3.385264,6.310562,10,0,0,-6.099997
9.840035,-17.36998,-10,3.511476,6.310562,10,0,0,-6.099997
9.860036,-17.49198,-10,3.637687,6.310562,10,0,0,-6.099997
9.880036,-17.61398,-10,3.763898,6.310562,10,0,0,-6.099997
9.900037,-17.73598,-10,3.890109,6.310562,10,0,0,-6.099997
9.920037,-17.85798,-10,4.01632,6.310562,10,0,0,-6.099997
9.940038,-17.97998,-10,4.142531,6.310562,10,0,0,-6.099997
9.960038,-18.10198,-10,4.268743,6.310562,10,0,0,-6.099997
9.980039,-18.22398,-10,4.394954,6.310562,10,0,0,-6.099997
10.00004,-18.34598,-10,4.521165,6.310562,10,0,0,-6.099997
10.02004,-18.46798,-10,4.647376,6.310562,10,0,0,-6.099997
10.04004,-18.58998,-10,4.773587,6.310562,10,0,0,-6.099997
10.06004,-18.71198,-10,4.899798,6.310562,10,0,0,-6.099997
10.08004,-18.83398,-10,5.02601,6.310562,10,0,0,-6.099997
10.10004,-18.95598,-10,5.152221,6.310562,10,0,0,-6.099997
10.12004,-19.07798,-10,5.278432,6.310562,10,0,0,-6.099997
10.14004,-19.08977,-10,5.404643,6.310562,10,10.08755,-0.9080519,-2.005262
10.16004,-19.11532,-10,5.530854,6.310562,10,13.28389,-1.184406,-1.658189
10.18004,-19.1486,-10,5.657065,6.310562,10,10.78039,-0.9553497,-1.758975
10.20004,-19.18678,-10,5.783277,6.310562,10,9.985857,-0.8832278,-1.940329
10.22004,-19.22761,-10,5.909488,6.310562,10,9.808393,-0.8679766,-2.052014
10.24004,-19.26925,-10,6.035699,6.310562,10,9.792836,-0.8675256,-2.088211
10.26005,-19.31077,-10,6.16191,6.310562,10,9.912934,-0.878714,-2.086715
10.28005,-19.35211,-10,6.288121,6.310562,10,10.01754,-0.8880728,-2.081745
10.30005,-19.39352,-10,6.414332,6.310562,10,10.07041,-0.8926251,-2.087067
10.32005,-19.43523,-10,6.540544,6.310562,10,10.08593,-0.8938668,-2.101383
10.34005,-19.47729,-10,6.666755,6.310562,10,10.08914,-0.8940961,-2.118723
10.36005,-19.51971,-10,6.792966,6.310562,10,10.12129,-0.8969596,-2.135718
10.38005,-19.56242,-10,6.919177,6.310562,10,10.10992,-0.8959892,-2.149945
10.40005,-19.60539,-10,7.045388,6.310562,10,10.10146,-0.8952518,-2.162422
10.42005,-19.64861,-10,7.171599,6.310562,10,10.15083,-0.8996138,-2.17585
10.44005,-19.6921,-10,7.297811,6.310562,10,10.17463,-0.9017102,-2.189628
10.46005,-19.73587,-10,7.424022,6.310562,10,10.19121,-0.9031745,-2.203429
10.48005,-19.77991,-10,7.550233,6.310562,10,10.2087,-0.904726,-2.216935
10.50005,-19.82422,-10,7.676444,6.310562,10,10.22697,-0.9063461,-2.230164
10.52005,-19.8688,-10,7.802655,6.310562,10,10.24587,-0.9080219,-2.243178
10.54005,-19.91363,-10,7.928866,6.310562,10,10.26411,-0.9096367,-2.25602
10.56005,-19.95871,-10,8.055078,6.310562,10,10.28278,-0.9112901,-2.268739
10.58005,-20.00405,-10,8.181289,6.310562,10,10.30126,-0.9129273,-2.281301
10.60005,-20.04964,-10,8.3075,6.310562,10,10.3192,-0.9145149,-2.293685
10.62005,-20.09548,-10,8.433711,6.310562,10,10.33754,-0.9161393,-2.30593
10.64005,-20.14156,-10,8.559922,6.310562,10,10.38051,-0.9199554,-2.318543
10.66005,-20.18788,-10,8.686133,6.310562,10,10.34663,-0.9169581,-2.329185
10.68005,-20.23442,-10,8.812345,6.310562,10,10.38906,-0.9207085,-2.340946
10.70006,-20.2812,-10,8.938556,6.310562,10,10.41243,-0.9227706,-2.35259
10.72006,-20.32821,-10,9.064767,6.310562,10,10.42967,-0.9242964,-2.363985
10.74006,-20.37544,-10,9.190978,6.310562,10,10.44751,-0.9258774,-2.375081
10.76006,-20.42289,-10,9.317189,6.310562,10,10.46594,-0.9275115,-2.385888
10.78006,-20.47055,-10,9.4434,6.310562,10,10.48432,-0.9291395,-2.396412
10.80006,-20.51842,-10,9.569612,6.310562,10,10.50295,-0.9307897,-2.406738
10.82006,-20.5665,-10,9.695823,6.310562,10,10.52151,-0.9324335,-2.416813
10.84006,-20.61478,-10,9.822034,6.310562,10,10.53955,-0.9340307,-2.426682
10.86006,-20.66325,-10,9.948245,6.310562,10,10.55752,-0.9356225,-2.436296
10.88006,-20.71193,-10,10.07446,6.310562,10,10.60056,-0.9394447,-2.446254
10.90006,-20.76077,-10,10.20067,6.310562,10,10.56701,-0.9364763,-2.454014
10.92006,-20.8098,-10,10.32688,6.310562,10,10.63239,-0.9422691,-2.463761
10.94006,-20.859,-10,10.45309,6.310562,10,10.60361,-0.9397167,-2.471171
10.96006,-20.90836,-10,10.5793,6.310562,10,10.64456,-0.9433331,-2.47991
10.98006,-20.95789,-10,10.70551,6.310562,10,10.66768,-0.9453748,-2.488166
11.00006,-21.00758,-10,10.83172,6.310562,10,10.68466,-0.9468787,-2.495968
11.02006,-21.05742,-10,10.95793,6.310562,10,10.70281,-0.9484885,-2.503396
11.04006,-21.1074,-10,11.08415,6.310562,10,10.72126,-0.9501237,-2.510531
11.06006,-21.15753,-10,11.21036,6.310562,10,10.73966,-0.9517543,-2.51732
11.08006,-21.2078,-10,11.33657,6.310562,10,10.78246,-0.9555545,-2.524423
11.10006,-21.2582,-10,11.46278,6.310562,10,10.77313,-0.9547418,-2.529811
11.12006,-21.3087,-10,11.58899,6.310562,10,10.76251,-0.9537961,-2.534781
11.14007,-21.35932,-10,11.7152,6.310562,10,10.80943,-0.9579361,-2.540985
11.16007,-21.41005,-10,11.84141,6.310562,10,10.83163,-0.9598926,-2.54646
11.18007,-21.46088,-10,11.96762,6.310562,10,10.84892,-0.9614241,-2.551424
11.20007,-21.51181,-10,12.09383,6.310562,10,10.86645,-0.9629794,-2.555969
11.22007,-21.56284,-10,12.22005,6.310562,10,10.90869,-0.9667335,-2.560754
11.24007,-21.61393,-10,12.34626,6.310562,10,10.8756,-0.9638074,-2.563219
11.26007,-21.66511,-10,12.47247,6.310562,10,10.94104,-0.9696042,-2.567873
11.28007,-21.71636,-10,12.59868,6.310562,10,10.93724,-0.9692736,-2.570381
11.30007,-21.76766,-10,12.72489,6.310562,10,10.95047,-0.970449,-2.57295
11.32007,-21.81901,-10,12.8511,6.310562,10,10.96853,-0.972048,-2.575322
11.34007,-21.8704,-10,12.97731,6.310562,10,10.96223,-0.9714779,-2.576782
11.36007,-21.92183,-10,13.10352,6.310562,10,11.00732,-0.9754559,-2.579278
11.38007,-21.9733,-10,13.22974,6.310562,10,11.02924,-0.9773914,-2.580742
11.40007,-22.02479,-10,13.35595,6.310562,10,11.04596,-0.9788733,-2.581679
11.42007,-22.0763,-10,13.48216,6.310562,10,11.08776,-0.9825898,-2.582743
11.44007,-22.12781,-10,13.60837,6.310562,10,11.05483,-0.979679,-2.581571
11.46007,-22.17932,-10,13.73458,6.310562,10,11.0966,-0.9833703,-2.582015
11.48007,-22.23083,-10,13.86079,6.310562,10,11.1201,-0.9854434,-2.581598
11.50007,-22.28232,-10,13.987,6.310562,10,11.13671,-0.9869115,-2.580575
11.52007,-22.33379,-10,14.11321,6.310562,10,11.15467,-0.9885034,-2.579129
11.54007,-22.38523,-10,14.23942,6.310562,10,11.17286,-0.9901167,-2.577344
11.56007,-22.43663,-10,14.36564,6.310562,10,11.19118,-0.9917395,-2.575158
11.58008,-22.48799,-10,14.49185,6.310562,10,11.20972,-0.9933809,-2.572565
11.60008,-22.5393,-10,14.61806,6.310562,10,11.25186,-0.9971233,-2.570026
11.62008,-22.59053,-10,14.74427,6.310562,10,11.21834,-0.9941577,-2.565284
11.64008,-22.6417,-10,14.87048,6.310562,10,11.28437,-1.000008,-2.562689
11.66008,-22.69278,-10,14.99669,6.310562,10,11.25479,-0.9973845,-2.557306
11.68008,-22.74378,-10,15.1229,6.310562,10,11.32062,-1.003214,-2.553772
11.70008,-22.79468,-10,15.24911,6.310562,10,11.29072,-1.000564,-2.547512
11.72008,-22.84547,-10,15.37533,6.310562,10,11.33168,-1.004183,-2.542704
11.74008,-22.89616,-10,15.50154,6.310562,10,11.35416,-1.006167,-2.536893
11.76008,-22.94672,-10,15.62775,6.310562,10,11.3713,-1.007686,-2.530463
11.78008,-22.99716,-10,15.75396,6.310562,10,11.38927,-1.009279,-2.523688
11.80008,-23.04746,-10,15.88017,6.310562,10,11.43145,-1.013027,-2.516916
11.82008,-23.0976,-10,16.00638,6.310562,10,11.39761,-1.010033,-2.508157
11.84008,-23.1476,-10,16.13259,6.310562,10,11.4399,-1.01377,-2.501004
11.86008,-23.19743,-10,16.2588,6.310562,10,11.46297,-1.015804,-2.492671
11.88008,-23.2471,-10,16.38502,6.310562,10,11.48046,-1.017352,-2.483696
11.90008,-23.29658,-10,16.51123,6.310562,10,11.49717,-1.018833,-2.474359
11.92008,-23.34587,-10,16.63744,6.310562,10,11.51526,-1.020436,-2.464669
11.94008,-23.39497,-10,16.76365,6.310562,10,11.53427,-1.02212,-2.454585
11.96008,-23.44386,-10,16.88986,6.310562,10,11.55214,-1.023703,-2.444101
11.98008,-23.49255,-10,17.01607,6.310562,10,11.59428,-1.027445,-2.433499
12.00008,-23.54099,-10,17.14228,6.310562,10,11.56029,-1.024439,-2.421065
12.02009,-23.58922,-10,17.26849,6.310562,10,11.60195,-1.028119,-2.410172
12.04009,-23.63723,-10,17.3947,6.310562,10,11.64908,-1.032295,-2.398336
12.06009,-23.68496,-10,17.52092,6.310562,10,11.61456,-1.02924,-2.38456
12.08009,-23.73245,-10,17.64713,6.310562,10,11.65531,-1.032842,-2.372363
12.10009,-23.77968,-10,17.77334,6.310562,10,11.67839,-1.034879,-2.358988
12.12009,-23.82664,-10,17.89955,6.310562,10,11.69578,-1.036417,-2.345013
12.14009,-23.87332,-10,18.02576,6.310562,10,11.71359,-1.037996,-2.330725
12.16009,-23.91971,-10,18.15197,6.310562,10,11.73151,-1.039585,-2.31612
12.18009,-23.96581,-10,18.27818,6.310562,10,11.74926,-1.041157,-2.301178
12.20009,-24.0116,-10,18.40439,6.310562,10,11.76749,-1.042772,-2.285829
12.22009,-24.05709,-10,18.53061,6.310562,10,11.78513,-1.044333,-2.27009
12.24009,-24.10226,-10,18.65682,6.310562,10,11.80359,-1.045967,-2.253926
12.26009,-24.1471,-10,18.78303,6.310562,10,11.82164,-1.047564,-2.237357
12.28009,-24.19161,-10,18.90924,6.310562,10,11.84011,-1.049201,-2.220434
12.30009,-24.23578,-10,19.03545,6.310562,10,11.85767,-1.050755,-2.203179
12.32009,-24.2796,-10,19.16166,6.310562,10,11.8755,-1.052335,-2.185569
12.34009,-24.32307,-10,19.28787,6.310562,10,11.89391,-1.053964,-2.167568
12.36009,-24.36618,-10,19.41408,6.310562,10,11.912,-1.055566,-2.149195
12.38009,-24.40892,-10,19.54029,6.310562,10,11.95373,-1.059272,-2.130616
12.40009,-24.45127,-10,19.66651,6.310562,10,11.94406,-1.05843,-2.111031
12.42009,-24.49325,-10,19.79272,6.310562,10,11.95803,-1.059673,-2.09198
12.44009,-24.53483,-10,19.91893,6.310562,10,11.95298,-1.059214,-2.072481
12.4601,-24.57605,-10,20.04514,6.310562,10,12.02192,-1.06531,-2.053098
12.4801,-24.61683,-10,20.17135,6.310562,10,12.01583,-1.064777,-2.031828
12.5001,-24.65721,-10,20.29756,6.310562,10,12.02816,-1.065877,-2.011116
12.5201,-24.69717,-10,20.42377,6.310562,10,12.04625,-1.067481,-1.990385
12.5401,-24.73672,-10,20.54998,6.310562,10,12.06424,-1.069073,-1.969267
12.5601,-24.77584,-10,20.6762,6.310562,10,12.05721,-1.068438,-1.947781
12.5801,-24.81454,-10,20.80241,6.310562,10,12.10209,-1.072395,-1.926336
12.6001,-24.8528,-10,20.92862,6.310562,10,12.12381,-1.074312,-1.903805
12.6201,-24.89061,-10,21.05483,6.310562,10,12.14025,-1.075769,-1.881083
12.6401,-24.92797,-10,21.18104,6.310562,10,12.18157,-1.079444,-1.858293
12.6601,-24.96486,-10,21.30725,6.310562,10,12.17285,-1.07869,-1.835149
12.6801,-25.0013,-10,21.43346,6.310562,10,12.16216,-1.077737,-1.812707
12.7001,-25.0373,-10,21.55967,6.310562,10,12.20888,-1.081856,-1.790092
12.7201,-25.07284,-10,21.68588,6.310562,10,12.23081,-1.083787,-1.766169
12.7401,-25.10789,-10,21.8121,6.310562,10,12.24679,-1.085201,-1.741949
12.7601,-25.14246,-10,21.93831,6.310562,10,12.26422,-1.086748,-1.717822
12.7801,-25.17655,-10,22.06452,6.310562,10,12.2825,-1.08837,-1.693673
12.8001,-25.21016,-10,22.19073,6.310562,10,12.30023,-1.089941,-1.66944
12.8201,-25.24328,-10,22.31694,6.310562,10,12.31861,-1.091567,-1.644988
12.8401,-25.27592,-10,22.44315,6.310562,10,12.33648,-1.093149,-1.620351
12.8601,-25.30806,-10,22.56936,6.310562,10,12.35433,-1.094729,-1.595523
12.88011,-25.3397,-10,22.69557,6.310562,10,12.37209,-1.096301,-1.57052
12.90011,-25.37085,-10,22.82178,6.310562,10,12.39002,-1.097888,-1.545422
12.92011,-25.40149,-10,22.948,6.310562,10,12.40776,-1.099459,-1.520185
12.94011,-25.43163,-10,23.07421,6.310562,10,12.42566,-1.101043,-1.494893
12.96011,-25.46127,-10,23.20042,6.310562,10,12.46775,-1.104781,-1.469225
12.98011,-25.49038,-10,23.32663,6.310562,10,12.45783,-1.103919,-1.443608
13.00011,-25.51899,-10,23.45284,6.310562,10,12.47176,-1.105158,-1.418564
13.02011,-25.54711,-10,23.57905,6.310562,10,12.46571,-1.104609,-1.393635
13.04011,-25.57473,-10,23.70526,6.310562,10,12.51099,-1.108598,-1.36808
13.06011,-25.60182,-10,23.83147,6.310562,10,12.53274,-1.110515,-1.341752
13.08011,-25.62839,-10,23.95769,6.310562,10,12.54856,-1.111918,-1.315586
13.10011,-25.65445,-10,24.0839,6.310562,10,12.56601,-1.113467,-1.289738
13.12011,-25.67999,-10,24.21011,6.310562,10,12.58422,-1.115081,-1.264055
13.14011,-25.70503,-10,24.33632,6.310562,10,12.60192,-1.116649,-1.238379
13.16011,-25.72955,-10,24.46253,6.310562,10,12.62,-1.118249,-1.212701
13.18011,-25.75356,-10,24.58874,6.310562,10,12.638,-1.119843,-1.18705
13.20011,-25.77705,-10,24.71495,6.310562,10,12.65569,-1.121409,-1.1614
13.22011,-25.80004,-10,24.84116,6.310562,10,12.67303,-1.122943,-1.135873
13.24011,-25.82252,-10,24.96737,6.310562,10,12.691,-1.124533,-1.110356
13.26011,-25.84449,-10,25.09359,6.310562,10,12.70908,-1.126134,-1.084934
13.28011,-25.86596,-10,25.2198,6.310562,10,12.72653,-1.12768,-1.05966
13.30011,-25.88692,-10,25.34601,6.310562,10,12.74474,-1.129292,-1.034485
13.32012,-25.90738,-10,25.47222,6.310562,10,12.78618,-1.132973,-1.009013
13.34012,-25.92734,-10,25.59843,6.310562,10,12.7525,-1.129994,-0.9848151
13.36012,-25.94681,-10,25.72464,6.310562,10,12.81733,-1.135737,-0.9598907
13.38012,-25.9658,-10,25.85085,6.310562,10,12.78846,-1.133175,-0.9358996
13.40012,-25.9843,-10,25.97706,6.310562,10,12.82903,-1.136756,-0.9115039
13.42012,-26.00231,-10,26.10328,6.310562,10,12.87436,-1.140774,-0.8865402
13.44012,-26.01982,-10,26.22949,6.310562,10,12.86406,-1.139878,-0.8626339
13.46012,-26.03688,-10,26.3557,6.310562,10,12.853,-1.138896,-0.8398412
13.48012,-26.05347,-10,26.48191,6.310562,10,12.92299,-1.145089,-0.8158755
13.50012,-26.06959,-10,26.60812,6.310562,10,12.91749,-1.144607,-0.7926232
13.52012,-26.08525,-10,26.73433,6.310562,10,12.90568,-1.143555,-0.7703611
13.54012,-26.10047,-10,26.86054,6.310562,10,12.95062,-1.147519,-0.7474715
13.56012,-26.11523,-10,26.98675,6.310562,10,12.97257,-1.149454,-0.724659
13.58012,-26.12955,-10,27.11296,6.310562,10,12.98853,-1.150868,-0.7023296
13.60012,-26.14342,-10,27.23918,6.310562,10,13.00599,-1.152416,-0.6804925
13.62012,-26.15687,-10,27.36539,6.310562,10,13.02354,-1.153972,-0.6591167
13.64012,-26.1699,-10,27.4916,6.310562,10,13.04173,-1.155583,-0.6380348
13.66012,-26.18251,-10,27.61781,6.310562,10,13.05959,-1.157164,-0.6173603
13.68012,-26.19471,-10,27.74402,6.310562,10,13.07714,-1.158717,-0.5970348
13.70012,-26.20651,-10,27.87023,6.310562,10,13.0944,-1.160244,-0.5770888
13.72012,-26.21791,-10,27.99644,6.310562,10,13.11246,-1.161844,-0.5575106
13.74012,-26.22894,-10,28.12265,6.310562,10,13.13061,-1.16345,-0.5383911
13.76013,-26.23958,-10,28.24887,6.310562,10,13.14698,-1.164899,-0.5197145
13.78013,-26.24986,-10,28.37508,6.310562,10,13.16528,-1.166519,-0.5014482
13.80013,-26.25978,-10,28.50129,6.310562,10,13.18365,-1.168145,-0.4836299
13.82013,-26.26933,-10,28.6275,6.310562,10,13.2245,-1.171774,-0.4657099
13.84013,-26.27856,-10,28.75371,6.310562,10,13.19043,-1.168761,-0.4500548
13.86013,-26.28747,-10,28.87992,6.310562,10,13.2317,-1.172405,-0.4335003
13.88013,-26.29604,-10,29.00613,6.310562,10,13.27787,-1.176496,-0.4168417
13.90013,-26.30431,-10,29.13234,6.310562,10,13.24347,-1.173452,-0.4026005
13.92013,-26.31227,-10,29.25855,6.310562,10,13.30724,-1.179102,-0.3868562
13.94013,-26.31995,-10,29.38477,6.310562,10,13.30218,-1.178663,-0.3730398
13.96013,-26.32735,-10,29.51098,6.310562,10,13.31528,-1.179828,-0.3596046
13.98013,-26.33448,-10,29.63719,6.310562,10,13.33308,-1.181404,-0.3465967
14.00013,-26.34138,-10,29.7634,6.310562,10,13.32599,-1.180761,-0.3346744
14.02013,-26.34801,-10,29.88961,6.310562,10,13.39452,-1.186821,-0.3213897
14.04013,-26.35441,-10,30.01582,6.310562,10,13.38775,-1.186231,-0.3103685
14.06013,-26.3606,-10,30.14203,6.310562,10,13.376,-1.185187,-0.3003607
14.08013,-26.36658,-10,30.26824,6.310562,10,13.44506,-1.191299,-0.2889695
14.10013,-26.37236,-10,30.39445,6.310562,10,13.43948,-1.190813,-0.2798955
14.12013,-26.37795,-10,30.52067,6.310562,10,13.45211,-1.191938,-0.271181
14.14013,-26.38338,-10,30.64688,6.310562,10,13.46963,-1.19349,-0.2629841
14.16013,-26.38867,-10,30.77309,6.310562,10,13.46246,-1.19284,-0.2559788
14.18013,-26.3938,-10,30.8993,6.310562,10,13.50677,-1.196744,-0.2482299
14.20014,-26.3988,-10,31.02551,6.310562,10,13.52842,-1.198654,-0.241639
14.22014,-26.40368,-10,31.15172,6.310562,10,13.54365,-1.200003,-0.2359366
14.24014,-26.40845,-10,31.27793,6.310562,10,13.56091,-1.201535,-0.2309572
14.26014,-26.41314,-10,31.40414,6.310562,10,13.57893,-1.203133,-0.2266812
14.28014,-26.41773,-10,31.53036,6.310562,10,13.62059,-1.206834,-0.222512
14.30014,-26.42227,-10,31.65657,6.310562,10,13.61137,-1.206034,-0.2204469
14.32014,-26.42678,-10,31.78278,6.310562,10,13.59965,-1.204989,-0.2190378
14.34014,-26.43125,-10,31.90899,6.310562,10,13.6457,-1.209047,-0.2167884
14.36014,-26.43568,-10,32.0352,6.310562,10,13.66701,-1.210921,-0.2158422
14.38014,-26.44012,-10,32.16142,6.310562,10,13.68213,-1.212258,-0.2158421
14.40014,-26.44456,-10,32.28763,6.310562,10,13.6998,-1.213827,-0.2165779
14.42014,-26.44903,-10,32.41384,6.310562,10,13.71798,-1.21544,-0.2180131
14.44014,-26.45352,-10,32.54005,6.310562,10,13.75849,-1.21904,-0.2196376
14.46014,-26.45807,-10,32.66627,6.310562,10,13.74913,-1.218227,-0.2233738
14.48014,-26.46271,-10,32.79248,6.310562,10,13.73838,-1.217268,-0.227652
14.50014,-26.46741,-10,32.91869,6.310562,10,13.78418,-1.221303,-0.2311795
14.52014,-26.47221,-10,33.04491,6.310562,10,13.82911,-1.225282,-0.2357695
14.54014,-26.47713,-10,33.17112,6.310562,10,13.79371,-1.222151,-0.243101
14.56014,-26.48217,-10,33.29733,6.310562,10,13.85716,-1.227775,-0.2485921
14.58014,-26.48735,-10,33.42355,6.310562,10,13.85281,-1.2274,-0.256658
14.60014,-26.4927,-10,33.54976,6.310562,10,13.86522,-1.228505,-0.2649003
14.62014,-26.49821,-10,33.67597,6.310562,10,13.88334,-1.230108,-0.2737885
14.64015,-26.50392,-10,33.80219,6.310562,10,13.87608,-1.229449,-0.2838643
14.66015,-26.50982,-10,33.9284,6.310562,10,13.91986,-1.233306,-0.2934893
14.68015,-26.51594,-10,34.05461,6.310562,10,13.94075,-1.235146,-0.3047139
14.70015,-26.5223,-10,34.18082,6.310562,10,13.9566,-1.236552,-0.3167971
14.72015,-26.5289,-10,34.30704,6.310562,10,13.97381,-1.23808,-0.3294711
14.74015,-26.53576,-10,34.43325,6.310562,10,13.99105,-1.239608,-0.3427719
14.76015,-26.5429,-10,34.55946,6.310562,10,14.03269,-1.243307,-0.3565341
14.78015,-26.55034,-10,34.68568,6.310562,10,13.99867,-1.240298,-0.3724768
14.80015,-26.55807,-10,34.81189,6.310562,10,14.03921,-1.243876,-0.3872037
14.82015,-26.56612,-10,34.9381,6.310562,10,14.06146,-1.245836,-0.4034623
14.84015,-26.5745,-10,35.06432,6.310562,10,14.10207,-1.249442,-0.4203762
14.86015,-26.58325,-10,35.19053,6.310562,10,14.06728,-1.246368,-0.4392079
14.88015,-26.59235,-10,35.31674,6.310562,10,14.10746,-1.249916,-0.4568147
14.90015,-26.60182,-10,35.44296,6.310562,10,14.13031,-1.25193,-0.475865
14.92015,-26.61169,-10,35.56917,6.310562,10,14.14645,-1.253356,-0.4958611
14.94015,-26.62196,-10,35.69538,6.310562,10,14.16299,-1.25482,-0.5164925
14.96015,-26.63266,-10,35.82159,6.310562,10,14.18062,-1.256383,-0.5377217
14.98015,-26.64378,-10,35.94781,6.310562,10,14.19822,-1.257941,-0.5595495
15.00015,-26.65534,-10,36.07402,6.310562,10,14.21542,-1.259464,-0.5820621
15.02015,-26.66737,-10,36.20023,6.310562,10,14.23243,-1.260969,-0.6052233
15.04015,-26.67986,-10,36.32645,6.310562,10,14.24967,-1.262494,-0.6290267
15.06015,-26.69283,-10,36.45266,6.310562,10,14.2908,-1.266149,-0.6533309
15.08016,-26.70632,-10,36.57887,6.310562,10,14.25673,-1.263137,-0.6791527
15.10016,-26.7203,-10,36.70509,6.310562,10,14.29734,-1.26672,-0.7039266
15.12016,-26.73479,-10,36.8313,6.310562,10,14.31949,-1.268671,-0.730188
15.14016,-26.74982,-10,36.95751,6.310562,10,14.33543,-1.270079,-0.7572269
15.16016,-26.76539,-10,37.08372,6.310562,10,14.35233,-1.271577,-0.7848161
15.18016,-26.78152,-10,37.20994,6.310562,10,14.36929,-1.273079,-0.8127441
15.20016,-26.79821,-10,37.33615,6.310562,10,14.38657,-1.274608,-0.8411961
15.22016,-26.81548,-10,37.46236,6.310562,10,14.4043,-1.276179,-0.8702292
15.24016,-26.83333,-10,37.58858,6.310562,10,14.42097,-1.277653,-0.8997079
15.26016,-26.85178,-10,37.71479,6.310562,10,14.4387,-1.279223,-0.9297623
15.28016,-26.87083,-10,37.841,6.310562,10,14.45557,-1.280716,-0.9602214
15.30016,-26.8905,-10,37.96722,6.310562,10,14.49634,-1.284337,-0.9911385
15.32016,-26.9108,-10,38.09343,6.310562,10,14.48658,-1.28349,-1.022987
15.34016,-26.93173,-10,38.21964,6.310562,10,14.47566,-1.282518,-1.054423
15.36016,-26.95327,-10,38.34586,6.310562,10,14.52098,-1.286508,-1.085885
15.38016,-26.97547,-10,38.47207,6.310562,10,14.56558,-1.290458,-1.118896
15.40016,-26.99835,-10,38.59828,6.310562,10,14.53016,-1.287326,-1.152569
15.42016,-27.02187,-10,38.72449,6.310562,10,14.59343,-1.292933,-1.185414
15.44016,-27.04608,-10,38.85071,6.310562,10,14.5646,-1.290379,-1.219342
15.46016,-27.07094,-10,38.97692,6.310562,10,14.60391,-1.293847,-1.252766
15.48016,-27.09649,-10,39.10313,6.310562,10,14.62549,-1.295747,-1.287168
15.50016,-27.12273,-10,39.22935,6.310562,10,14.64175,-1.297186,-1.322016
15.52017,-27.14966,-10,39.35556,6.310562,10,14.68202,-1.300766,-1.35713
15.54017,-27.17731,-10,39.48177,6.310562,10,14.67225,-1.299921,-1.392326
15.56017,-27.20565,-10,39.60799,6.310562,10,14.66093,-1.298913,-1.426836
15.58017,-27.23466,-10,39.7342,6.310562,10,14.70629,-1.302908,-1.461629
15.60017,-27.2644,-10,39.86041,6.310562,10,14.72757,-1.304777,-1.497581
15.62017,-27.29485,-10,39.98663,6.310562,10,14.74266,-1.306112,-1.533787
15.64017,-27.32602,-10,40.11284,6.310562,10,14.75904,-1.307564,-1.569787
15.66017,-27.35791,-10,40.23905,6.310562,10,14.77639,-1.309104,-1.605716
15.68017,-27.39052,-10,40.36526,6.310562,10,14.79361,-1.310629,-1.641623
15.70017,-27.42384,-10,40.49148,6.310562,10,14.81097,-1.312165,-1.677595
15.72017,-27.45788,-10,40.61769,6.310562,10,14.82809,-1.31368,-1.713687
15.74017,-27.49264,-10,40.7439,6.310562,10,14.84494,-1.315169,-1.749774
15.76017,-27.52811,-10,40.87012,6.310562,10,14.86222,-1.316698,-1.785827
15.78017,-27.56431,-10,40.99633,6.310562,10,14.87895,-1.318178,-1.821865
15.80017,-27.60123,-10,41.12254,6.310562,10,14.8959,-1.319679,-1.857821
15.82017,-27.63886,-10,41.24876,6.310562,10,14.91282,-1.321176,-1.893609
15.84017,-27.6772,-10,41.37497,6.310562,10,14.92994,-1.32269,-1.929316
15.86017,-27.71626,-10,41.50118,6.310562,10,14.94683,-1.324184,-1.96492
15.88017,-27.75602,-10,41.6274,6.310562,10,14.98726,-1.327776,-2.00076
15.90017,-27.7965,-10,41.75361,6.310562,10,14.95344,-1.324788,-2.035396
15.92017,-27.83765,-10,41.87982,6.310562,10,14.99392,-1.328359,-2.070036
15.94018,-27.8795,-10,42.00603,6.310562,10,15.0155,-1.330259,-2.104928
15.96018,-27.92205,-10,42.13225,6.310562,10,15.05503,-1.333768,-2.140085
15.98018,-27.9653,-10,42.25846,6.310562,10,15.04442,-1.332849,-2.174177
16.00018,-28.00921,-10,42.38467,6.310562,10,15.03324,-1.331855,-2.207051
16.02018,-28.05377,-10,42.51089,6.310562,10,15.07795,-1.335793,-2.240448
16.04018,-28.099,-10,42.6371,6.310562,10,15.09925,-1.337664,-2.273986
16.06018,-28.1449,-10,42.76331,6.310562,10,15.1149,-1.339049,-2.307101
16.08018,-28.19144,-10,42.88953,6.310562,10,15.13054,-1.340436,-2.339524
16.10018,-28.23863,-10,43.01574,6.310562,10,15.14781,-1.341968,-2.371409
16.12018,-28.28644,-10,43.14195,6.310562,10,15.16493,-1.343483,-2.40275
16.14018,-28.33487,-10,43.26817,6.310562,10,15.18197,-1.34499,-2.433618
16.16018,-28.38391,-10,43.39438,6.310562,10,15.19887,-1.346485,-2.464012
16.18018,-28.43355,-10,43.52059,6.310562,10,15.21596,-1.347997,-2.493871
16.20018,-28.48377,-10,43.6468,6.310562,10,15.23254,-1.349464,-2.523177
16.22018,-28.53457,-10,43.77302,6.310562,10,15.24924,-1.350942,-2.551858
16.24018,-28.58594,-10,43.89923,6.310562,10,15.26616,-1.352438,-2.579929
16.26018,-28.63786,-10,44.02544,6.310562,10,15.2829,-1.35392,-2.607395
16.28018,-28.69031,-10,44.15166,6.310562,10,15.29995,-1.355428,-2.63417
16.30018,-28.7433,-10,44.27787,6.310562,10,15.3404,-1.359021,-2.660851
16.32018,-28.79679,-10,44.40408,6.310562,10,15.3065,-1.356025,-2.685132
16.34018,-28.85077,-10,44.5303,6.310562,10,15.34605,-1.359514,-2.7099
16.36018,-28.90523,-10,44.65651,6.310562,10,15.36791,-1.361438,-2.734026
16.38018,-28.96016,-10,44.78272,6.310562,10,15.38355,-1.36282,-2.757331
16.40018,-29.01555,-10,44.90894,6.310562,10,15.39974,-1.364254,-2.779775
16.42019,-29.07138,-10,45.03515,6.310562,10,15.44062,-1.367887,-2.801918
16.44019,-29.12761,-10,45.16136,6.310562,10,15.40664,-1.364885,-2.821397
16.46019,-29.18424,-10,45.28757,6.310562,10,15.44651,-1.368403,-2.841483
16.48019,-29.24127,-10,45.41379,6.310562,10,15.49165,-1.3724,-2.86129
16.50019,-29.29866,-10,45.54,6.310562,10,15.4568,-1.369318,-2.878251
16.52019,-29.35639,-10,45.66621,6.310562,10,15.49551,-1.372734,-2.895841
16.54019,-29.41445,-10,45.79243,6.310562,10,15.51664,-1.374596,-2.91231
16.56019,-29.47282,-10,45.91864,6.310562,10,15.53356,-1.376091,-2.927765
16.58019,-29.53149,-10,46.04485,6.310562,10,15.54964,-1.377516,-2.942189
16.60019,-29.59044,-10,46.17107,6.310562,10,15.566,-1.378965,-2.955586
16.62019,-29.64963,-10,46.29728,6.310562,10,15.58281,-1.380453,-2.968031
16.64019,-29.70907,-10,46.42349,6.310562,10,15.62321,-1.384043,-2.980017
16.66019,-29.76871,-10,46.54971,6.310562,10,15.5894,-1.381054,-2.989134
16.68019,-29.82854,-10,46.67592,6.310562,10,15.62893,-1.38454,-2.998972
16.70019,-29.88855,-10,46.80213,6.310562,10,15.65014,-1.386407,-3.007521
16.72019,-29.94871,-10,46.92834,6.310562,10,15.66641,-1.387843,-3.014896
16.74019,-30.009,-10,47.05456,6.310562,10,15.68171,-1.389199,-3.021154
16.76019,-30.06939,-10,47.18077,6.310562,10,15.69892,-1.390724,-3.026314
16.78019,-30.12988,-10,47.30698,6.310562,10,15.71531,-1.392175,-3.0304
16.80019,-30.19044,-10,47.4332,6.310562,10,15.75605,-1.395795,-3.03394
16.82019,-30.25103,-10,47.55941,6.310562,10,15.72235,-1.392815,-3.034491
16.84019,-30.31164,-10,47.68562,6.310562,10,15.76135,-1.396255,-3.035911
16.8602,-30.37226,-10,47.81184,6.310562,10,15.78345,-1.3982,-3.03573
16.8802,-30.43285,-10,47.93805,6.310562,10,15.79904,-1.399577,-3.034295
16.9002,-30.4934,-10,48.06426,6.310562,10,15.81388,-1.400891,-3.031733
16.9202,-30.55388,-10,48.19048,6.310562,10,15.83082,-1.402392,-3.028044
16.9402,-30.61427,-10,48.31669,6.310562,10,15.84801,-1.403914,-3.023226
16.9602,-30.67455,-10,48.4429,6.310562,10,15.88864,-1.407523,-3.017757
16.9802,-30.73469,-10,48.56911,6.310562,10,15.85448,-1.404504,-3.009386
17.0002,-30.79467,-10,48.69533,6.310562,10,15.89351,-1.407946,-3.001887
17.0202,-30.85447,-10,48.82154,6.310562,10,15.91552,-1.409883,-2.992693
17.0402,-30.91407,-10,48.94775,6.310562,10,15.93038,-1.411194,-2.982141
17.0602,-30.97345,-10,49.07397,6.310562,10,15.94679,-1.412648,-2.970453
17.0802,-31.03257,-10,49.20018,6.310562,10,15.96317,-1.4141,-2.957684
17.1002,-31.09142,-10,49.32639,6.310562,10,15.9799,-1.415581,-2.943855
17.1202,-31.14999,-10,49.45261,6.310562,10,15.99651,-1.41705,-2.928886
17.1402,-31.20823,-10,49.57882,6.310562,10,16.01314,-1.418521,-2.912817
17.1602,-31.26614,-10,49.70503,6.310562,10,16.03006,-1.420017,-2.895571
17.1802,-31.32369,-10,49.83125,6.310562,10,16.04584,-1.421413,-2.877292
17.2002,-31.38086,-10,49.95746,6.310562,10,16.06271,-1.422905,-2.857908
17.2202,-31.43763,-10,50.08367,6.310562,10,16.10229,-1.426422,-2.837765
17.2402,-31.49396,-10,50.20988,6.310562,10,16.06869,-1.423452,-2.815174
17.2602,-31.54985,-10,50.3361,6.310562,10,16.10774,-1.426896,-2.793398
17.2802,-31.60528,-10,50.46231,6.310562,10,16.12938,-1.4288,-2.769825
17.30021,-31.66022,-10,50.58852,6.310562,10,16.1445,-1.430134,-2.744984
17.32021,-31.71466,-10,50.71474,6.310562,10,16.18394,-1.433641,-2.719425
17.34021,-31.76855,-10,50.84095,6.310562,10,16.15005,-1.430648,-2.691765
17.36021,-31.82192,-10,50.96716,6.310562,10,16.2136,-1.436277,-2.665178
17.38021,-31.8747,-10,51.09338,6.310562,10,16.18439,-1.433685,-2.635698
17.40021,-31.92691,-10,51.21959,6.310562,10,16.22233,-1.437028,-2.606772
17.42021,-31.97851,-10,51.3458,6.310562,10,16.24244,-1.438797,-2.57616
17.44021,-32.02948,-10,51.47202,6.310562,10,16.25808,-1.440181,-2.544476
17.46021,-32.07981,-10,51.59823,6.310562,10,16.2742,-1.441609,-2.512018
17.48021,-32.12949,-10,51.72444,6.310562,10,16.29011,-1.44302,-2.478806
17.50021,-32.17849,-10,51.85065,6.310562,10,16.33047,-1.446607,-2.444901
17.52021,-32.22678,-10,51.97687,6.310562,10,16.3202,-1.445716,-2.409471
17.54021,-32.27437,-10,52.10308,6.310562,10,16.3331,-1.446863,-2.374017
17.56021,-32.32124,-10,52.22929,6.310562,10,16.34999,-1.448354,-2.337792
17.58021,-32.36738,-10,52.35551,6.310562,10,16.36609,-1.449773,-2.300599
17.60021,-32.41275,-10,52.48172,6.310562,10,16.38155,-1.45114,-2.262527
17.62021,-32.45736,-10,52.60793,6.310562,10,16.39682,-1.452491,-2.223786
17.64021,-32.50118,-10,52.73415,6.310562,10,16.41239,-1.453869,-2.184471
17.66021,-32.54421,-10,52.86036,6.310562,10,16.4046,-1.453163,-2.144461
17.68021,-32.58645,-10,52.98657,6.310562,10,16.44711,-1.456904,-2.104251
17.70021,-32.62786,-10,53.11279,6.310562,10,16.46652,-1.458614,-2.062685
17.72021,-32.66843,-10,53.239,6.310562,10,16.48185,-1.459973,-2.020578
17.74022,-32.70816,-10,53.36521,6.310562,10,16.49758,-1.461368,-1.978277
17.76022,-32.74704,-10,53.49142,6.310562,10,16.53802,-1.464962,-1.935465
17.78022,-32.78504,-10,53.61764,6.310562,10,16.50473,-1.462023,-1.892056
17.80022,-32.8222,-10,53.74385,6.310562,10,16.54334,-1.465426,-1.84925
17.82022,-32.85848,-10,53.87006,6.310562,10,16.56452,-1.467289,-1.805121
17.84022,-32.89388,-10,53.99628,6.310562,10,16.57933,-1.468597,-1.760482
17.86022,-32.92838,-10,54.12249,6.310562,10,16.59513,-1.469994,-1.715657
17.88022,-32.96198,-10,54.2487,6.310562,10,16.634,-1.473451,-1.670442
17.90022,-32.99466,-10,54.37492,6.310562,10,16.60138,-1.470569,-1.625202
17.92022,-33.02647,-10,54.50113,6.310562,10,16.6398,-1.473955,-1.580466
17.94022,-33.05737,-10,54.62734,6.310562,10,16.66101,-1.475821,-1.534675
17.96022,-33.08734,-10,54.75356,6.310562,10,16.67573,-1.47712,-1.488608
17.98022,-33.1164,-10,54.87977,6.310562,10,16.69205,-1.478565,-1.442551
18.00022,-33.14454,-10,55.00598,6.310562,10,16.70774,-1.479955,-1.396636
18.02022,-33.17176,-10,55.13219,6.310562,10,16.72439,-1.48143,-1.350704
18.04022,-33.19807,-10,55.25841,6.310562,10,16.7404,-1.482846,-1.304776
18.06022,-33.22346,-10,55.38462,6.310562,10,16.75711,-1.484324,-1.258886
18.08022,-33.24793,-10,55.51083,6.310562,10,16.79621,-1.487796,-1.212754
18.10022,-33.27148,-10,55.63705,6.310562,10,16.76254,-1.484821,-1.167379
18.12022,-33.29414,-10,55.76326,6.310562,10,16.80115,-1.488225,-1.122287
18.14022,-33.3159,-10,55.88947,6.310562,10,16.8462,-1.492214,-1.076465
18.16022,-33.33673,-10,56.01569,6.310562,10,16.83404,-1.491154,-1.031226
18.18023,-33.35668,-10,56.1419,6.310562,10,16.82159,-1.490049,-0.9871678
18.20023,-33.37576,-10,56.26811,6.310562,10,16.86613,-1.49397,-0.9429584
18.22023,-33.39395,-10,56.39433,6.310562,10,16.88478,-1.495607,-0.8985088
18.24023,-33.41126,-10,56.52054,6.310562,10,16.90033,-1.496981,-0.8544408
18.26023,-33.4277,-10,56.64675,6.310562,10,16.93883,-1.500407,-0.8105929
18.28023,-33.44328,-10,56.77296,6.310562,10,16.9055,-1.497465,-0.7685753
18.30023,-33.45803,-10,56.89918,6.310562,10,16.94384,-1.500847,-0.7266369
18.32023,-33.47194,-10,57.02539,6.310562,10,16.96525,-1.502729,-0.6848412
18.34023,-33.48503,-10,57.1516,6.310562,10,16.98028,-1.504054,-0.6435505
18.36023,-33.49731,-10,57.27782,6.310562,10,16.99513,-1.505369,-0.6029516
18.38023,-33.50879,-10,57.40403,6.310562,10,17.0117,-1.506837,-0.5631388
18.40023,-33.51949,-10,57.53024,6.310562,10,17.02812,-1.508291,-0.524119
18.42023,-33.52942,-10,57.65646,6.310562,10,17.04388,-1.509683,-0.4858701
18.44023,-33.5386,-10,57.78267,6.310562,10,17.06078,-1.511178,-0.4483175
18.46023,-33.54704,-10,57.90888,6.310562,10,17.07513,-1.512447,-0.4116287
18.48023,-33.55476,-10,58.0351,6.310562,10,17.09195,-1.513934,-0.375821
18.50023,-33.56179,-10,58.16131,6.310562,10,17.10859,-1.515406,-0.3408782
18.52023,-33.56813,-10,58.28752,6.310562,10,17.12317,-1.516694,-0.306879
18.54023,-33.5738,-10,58.41373,6.310562,10,17.14007,-1.518189,-0.2737931
18.56023,-33.57883,-10,58.53995,6.310562,10,17.15529,-1.519536,-0.2417598
18.58023,-33.58324,-10,58.66616,6.310562,10,17.17156,-1.520976,-0.2107875
18.60023,-33.58704,-10,58.79237,6.310562,10,17.21165,-1.524538,-0.1802178
18.62024,-33.59027,-10,58.91859,6.310562,10,17.17825,-1.521585,-0.1525155
18.64024,-33.59295,-10,59.0448,6.310562,10,17.21585,-1.524899,-0.1246379
18.66024,-33.59507,-10,59.17101,6.310562,10,17.25928,-1.528745,-0.09728409
18.68024,-33.5967,-10,59.29723,6.310562,10,17.22424,-1.525646,-0.07294704
18.70024,-33.59784,-10,59.42344,6.310562,10,17.26205,-1.528981,-0.04846145
18.72024,-33.59851,-10,59.54965,6.310562,10,17.28355,-1.530874,-0.02533821
18.74024,-33.59875,-10,59.67587,6.310562,10,17.29839,-1.532185,-0.003592193
18.76024,-33.59858,-10,59.80208,6.310562,10,17.31421,-1.533586,0.01685789
18.78024,-33.59801,-10,59.92829,6.310562,10,17.32875,-1.534872,0.03590588
18.80024,-33.59708,-10,60.0545,6.310562,10,17.36886,-1.538438,0.05422236
18.82024,-33.59583,-10,60.18072,6.310562,10,17.33467,-1.535417,0.06927164
18.84024,-33.59427,-10,60.30693,6.310562,10,17.39704,-1.540938,0.08521818
18.86024,-33.59245,-10,60.43314,6.310562,10,17.36783,-1.538346,0.09769306
18.88024,-33.59037,-10,60.55936,6.310562,10,17.4052,-1.541636,0.1103762
18.90024,-33.58807,-10,60.68557,6.310562,10,17.42525,-1.543401,0.1212773
18.92024,-33.58558,-10,60.81178,6.310562,10,17.43873,-1.544592,0.1306176
18.94024,-33.58292,-10,60.938,6.310562,10,17.45542,-1.546073,0.1384569
18.96024,-33.58014,-10,61.06421,6.310562,10,17.4705,-1.547407,0.144718
18.98024,-33.57725,-10,61.19042,6.310562,10,17.4871,-1.548876,0.1495373
19.00024,-33.57429,-10,61.31664,6.310562,10,17.50199,-1.550193,0.1528867
19.02024,-33.57129,-10,61.44285,6.310562,10,17.51825,-1.551629,0.154679
19.04025,-33.56828,-10,61.56906,6.310562,10,17.5335,-1.552977,0.1549548
19.06025,-33.56528,-10,61.69527,6.310562,10,17.5509,-1.554517,0.1536855
19.08025,-33.56234,-10,61.82149,6.310562,10,17.56494,-1.555758,0.1509098
19.10025,-33.55947,-10,61.9477,6.310562,10,17.58062,-1.557145,0.1466092
19.12025,-33.55672,-10,62.07391,6.310562,10,17.59639,-1.558539,0.1407237
19.14025,-33.55411,-10,62.20013,6.310562,10,17.61265,-1.559977,0.1332588
19.16025,-33.55167,-10,62.32634,6.310562,10,17.62759,-1.561297,0.1243476
19.18025,-33.54943,-10,62.45255,6.310562,10,17.64459,-1.5628,0.1138614
19.20025,-33.54744,-10,62.57877,6.310562,10,17.65972,-1.56414,0.10175
19.22025,-33.54569,-10,62.70498,6.310562,10,17.69751,-1.567497,0.0886595
19.24025,-33.54427,-10,62.83119,6.310562,10,17.66603,-1.564716,0.07224597
19.26025,-33.54316,-10,62.95741,6.310562,10,17.70272,-1.567948,0.05643283
19.28025,-33.5424,-10,63.08362,6.310562,10,17.72366,-1.569789,0.03839619
19.30025,-33.54203,-10,63.20983,6.310562,10,17.73816,-1.57107,0.01853451
19.32025,-33.54208,-10,63.33604,6.310562,10,17.75212,-1.572304,-0.002629414
19.34025,-33.54258,-10,63.46226,6.310562,10,17.76777,-1.573688,-0.02525624
19.36025,-33.54355,-10,63.58847,6.310562,10,17.78487,-1.575204,-0.04939439
19.38025,-33.54502,-10,63.71468,6.310562,10,17.80099,-1.57663,-0.07492245
19.40025,-33.54704,-10,63.8409,6.310562,10,17.8156,-1.577921,-0.1018705
19.42025,-33.54961,-10,63.96711,6.310562,10,17.83183,-1.579355,-0.1302775
19.44025,-33.55276,-10,64.09332,6.310562,10,17.87023,-1.58277,-0.1597444
19.46025,-33.55655,-10,64.21954,6.310562,10,17.83546,-1.579694,-0.1918322
19.48026,-33.56096,-10,64.34575,6.310562,10,17.89787,-1.585219,-0.2232944
19.50026,-33.56606,-10,64.47196,6.310562,10,17.89197,-1.584707,-0.2577096
19.52026,-33.57185,-10,64.59818,6.310562,10,17.87874,-1.583525,-0.2930507
19.54026,-33.57835,-10,64.72439,6.310562,10,17.92047,-1.587193,-0.3286265
19.56026,-33.5856,-10,64.8506,6.310562,10,17.94066,-1.588966,-0.366393
19.58026,-33.59363,-10,64.97681,6.310562,10,17.95436,-1.590179,-0.4054999
19.60026,-33.60245,-10,65.10303,6.310562,10,17.96888,-1.591467,-0.4455585
19.62026,-33.61209,-10,65.22924,6.310562,10,17.98544,-1.592935,-0.4866414
19.64026,-33.62257,-10,65.35545,6.310562,10,17.99995,-1.59422,-0.52874
19.66026,-33.6339,-10,65.48167,6.310562,10,18.01629,-1.595664,-0.5720041
19.68026,-33.64611,-10,65.60788,6.310562,10,18.03222,-1.597072,-0.6163286
19.70026,-33.65923,-10,65.73409,6.310562,10,18.0716,-1.600571,-0.6615558
19.72026,-33.67328,-10,65.86031,6.310562,10,18.03633,-1.597454,-0.7083179
19.74026,-33.68825,-10,65.98652,6.310562,10,18.07403,-1.600774,-0.7546439
19.76026,-33.70417,-10,66.11273,6.310562,10,18.09427,-1.602554,-0.8027416
19.78026,-33.72107,-10,66.23895,6.310562,10,18.13235,-1.605935,-0.8518288
19.80026,-33.73898,-10,66.36516,6.310562,10,18.121,-1.604954,-0.9019926
19.82026,-33.75788,-10,66.49137,6.310562,10,18.109,-1.603888,-0.9519336
19.84026,-33.77777,-10,66.61758,6.310562,10,18.15144,-1.607616,-1.002197
19.86026,-33.79871,-10,66.7438,6.310562,10,18.1706,-1.609298,-1.054189
19.88026,-33.82069,-10,66.87001,6.310562,10,18.18391,-1.610473,-1.10679
19.90026,-33.84372,-10,66.99622,6.310562,10,18.19875,-1.611789,-1.159798
19.92027,-33.86782,-10,67.12244,6.310562,10,18.21498,-1.613226,-1.213076
19.94027,-33.89299,-10,67.24865,6.310562,10,18.23042,-1.614594,-1.266816
19.96027,-33.91924,-10,67.37486,6.310562,10,18.24632,-1.615999,-1.320907
19.98027,-33.94657,-10,67.50108,6.310562,10,18.26099,-1.617294,-1.375322
20.00027,-33.975,-10,67.62729,6.310562,10,18.27621,-1.61864,-1.430144
20.02027,-34.00452,-10,67.7535,6.310562,10,18.29181,-1.620018,-1.485137
20.04027,-34.03514,-10,67.87971,6.310562,10,18.30751,-1.621406,-1.540339
20.06027,-34.06688,-10,68.00593,6.310562,10,18.32314,-1.622789,-1.595636
20.08027,-34.09971,-10,68.13214,6.310562,10,18.33792,-1.624097,-1.650981
20.10027,-34.13365,-10,68.25835,6.310562,10,18.3535,-1.625474,-1.706361
20.12027,-34.16869,-10,68.38457,6.310562,10,18.36853,-1.626801,-1.761661
20.14027,-34.20484,-10,68.51078,6.310562,10,18.38358,-1.628134,-1.816902
20.16027,-34.24208,-10,68.63699,6.310562,10,18.39874,-1.629474,-1.871941
20.18027,-34.28043,-10,68.76321,6.310562,10,18.41455,-1.630868,-1.926802
20.20027,-34.31986,-10,68.88942,6.310562,10,18.42985,-1.632221,-1.98149
20.22027,-34.36038,-10,69.01563,6.310562,10,18.44487,-1.63355,-2.035739
20.24027,-34.40198,-10,69.14185,6.310562,10,18.45977,-1.634867,-2.089655
20.26027,-34.44464,-10,69.26806,6.310562,10,18.47561,-1.636267,-2.143119
20.28027,-34.48837,-10,69.39427,6.310562,10,18.49109,-1.637635,-2.196088
20.30027,-34.53314,-10,69.52048,6.310562,10,18.50571,-1.638929,-2.248453
20.32027,-34.57895,-10,69.6467,6.310562,10,18.52081,-1.640261,-2.300269
20.34027,-34.62578,-10,69.77291,6.310562,10,18.5371,-1.6417,-2.351488
20.36028,-34.67363,-10,69.89912,6.310562,10,18.55123,-1.642951,-2.401915
20.38028,-34.72247,-10,70.02534,6.310562,10,18.59036,-1.646428,-2.452024
20.40028,-34.77229,-10,70.15155,6.310562,10,18.55609,-1.643404,-2.500104
20.42028,-34.82306,-10,70.27776,6.310562,10,18.59298,-1.646651,-2.547788
20.44028,-34.87477,-10,70.40398,6.310562,10,18.61401,-1.648497,-2.595055
20.46028,-34.92741,-10,70.53019,6.310562,10,18.62716,-1.649657,-2.641327
20.48028,-34.98095,-10,70.6564,6.310562,10,18.64153,-1.650931,-2.686452
20.50028,-35.03537,-10,70.78262,6.310562,10,18.65622,-1.652231,-2.730347
20.52028,-35.09065,-10,70.90883,6.310562,10,18.67296,-1.653712,-2.773144
20.54028,-35.14677,-10,71.03504,6.310562,10,18.68731,-1.654981,-2.814659
20.56028,-35.20369,-10,71.16125,6.310562,10,18.70184,-1.656264,-2.854985
20.58028,-35.2614,-10,71.28747,6.310562,10,18.71791,-1.657683,-2.894095
20.60028,-35.31986,-10,71.41368,6.310562,10,18.73269,-1.658989,-2.931829
20.62028,-35.37906,-10,71.53989,6.310562,10,18.74691,-1.660246,-2.968253
20.64028,-35.43896,-10,71.66611,6.310562,10,18.76405,-1.661761,-3.003219
20.66028,-35.49953,-10,71.79232,6.310562,10,18.77769,-1.662967,-3.036728
20.68028,-35.56075,-10,71.91853,6.310562,10,18.79334,-1.664352,-3.068702
20.70028,-35.62258,-10,72.04475,6.310562,10,18.80795,-1.665643,-3.099135
20.72028,-35.68499,-10,72.17096,6.310562,10,18.82204,-1.666888,-3.128049
20.74028,-35.74795,-10,72.29717,6.310562,10,18.83769,-1.66827,-3.155267
20.76028,-35.81142,-10,72.42339,6.310562,10,18.85288,-1.669614,-3.180937
20.78028,-35.87539,-10,72.5496,6.310562,10,18.86809,-1.670959,-3.204849
20.80029,-35.9398,-10,72.67581,6.310562,10,18.90643,-1.674364,-3.227616
20.82029,-36.00463,-10,72.80202,6.310562,10,18.89479,-1.673355,-3.247422
20.84029,-36.06983,-10,72.92824,6.310562,10,18.88401,-1.672396,-3.265224
20.86029,-36.13537,-10,73.05445,6.310562,10,18.94825,-1.678067,-3.283243
20.88029,-36.20123,-10,73.18066,6.310562,10,18.93978,-1.677324,-3.29781
20.90029,-36.26733,-10,73.30688,6.310562,10,18.92631,-1.676124,-3.310258
20.92029,-36.33369,-10,73.43309,6.310562,10,18.99093,-1.681836,-3.322793
20.94029,-36.40023,-10,73.5593,6.310562,10,18.98421,-1.681251,-3.331729
20.96029,-36.46693,-10,73.68552,6.310562,10,18.99428,-1.682151,-3.339042
20.98029,-36.53373,-10,73.81173,6.310562,10,18.9847,-1.681288,-3.344053
21.00029,-36.60062,-10,73.93794,6.310562,10,19.02563,-1.684882,-3.348451
21.02029,-36.66755,-10,74.06416,6.310562,10,19.04536,-1.686615,-3.350401
21.04029,-36.73449,-10,74.19037,6.310562,10,19.05693,-1.687639,-3.350169
21.06029,-36.80138,-10,74.31658,6.310562,10,19.0721,-1.688986,-3.347877
21.08029,-36.8682,-10,74.44279,6.310562,10,19.08809,-1.690403,-3.343727
21.10029,-36.9349,-10,74.56901,6.310562,10,19.10236,-1.691665,-3.337565
21.12029,-37.00145,-10,74.69522,6.310562,10,19.11806,-1.693052,-3.329457
21.14029,-37.06779,-10,74.82143,6.310562,10,19.13201,-1.694283,-3.319422
21.16029,-37.13392,-10,74.94765,6.310562,10,19.1692,-1.697587,-3.307801
21.18029,-37.19975,-10,75.07386,6.310562,10,19.13674,-1.69472,-3.292486
21.20029,-37.26527,-10,75.20007,6.310562,10,19.17265,-1.697882,-3.277248
21.22029,-37.33045,-10,75.32629,6.310562,10,19.19311,-1.699681,-3.25943
21.2403,-37.39524,-10,75.4525,6.310562,10,19.2292,-1.702886,-3.239957
21.2603,-37.45959,-10,75.57871,6.310562,10,19.21732,-1.701858,-3.217272
21.2803,-37.52346,-10,75.70493,6.310562,10,19.20538,-1.700798,-3.193167
21.3003,-37.58685,-10,75.83114,6.310562,10,19.26975,-1.706482,-3.168901
21.3203,-37.64967,-10,75.95735,6.310562,10,19.23936,-1.703782,-3.140347
21.3403,-37.71193,-10,76.08356,6.310562,10,19.27484,-1.706903,-3.111639
21.3603,-37.77357,-10,76.20978,6.310562,10,19.29455,-1.70864,-3.080499
21.3803,-37.83455,-10,76.33599,6.310562,10,19.30668,-1.709712,-3.047578
21.4003,-37.89485,-10,76.4622,6.310562,10,19.32222,-1.711089,-3.012847
21.4203,-37.95443,-10,76.58842,6.310562,10,19.3371,-1.712408,-2.97644
21.4403,-38.01325,-10,76.71463,6.310562,10,19.35081,-1.713619,-2.938509
21.4603,-38.07128,-10,76.84084,6.310562,10,19.36604,-1.714967,-2.898793
21.4803,-38.12849,-10,76.96706,6.310562,10,19.38129,-1.716315,-2.85745
21.5003,-38.18486,-10,77.09327,6.310562,10,19.39536,-1.717556,-2.814554
21.5203,-38.24034,-10,77.21948,6.310562,10,19.43345,-1.720938,-2.770264
21.5403,-38.29489,-10,77.3457,6.310562,10,19.39918,-1.717912,-2.723579
21.5603,-38.34851,-10,77.47191,6.310562,10,19.4356,-1.721122,-2.676962
21.5803,-38.40117,-10,77.59812,6.310562,10,19.45407,-1.722742,-2.628255
21.6003,-38.45282,-10,77.72433,6.310562,10,19.4687,-1.724031,-2.577918
21.6203,-38.50345,-10,77.85055,6.310562,10,19.48238,-1.725239,-2.526366
21.6403,-38.55303,-10,77.97676,6.310562,10,19.49718,-1.72655,-2.473702
21.66031,-38.60154,-10,78.10297,6.310562,10,19.51231,-1.727892,-2.419809
21.68031,-38.64896,-10,78.22919,6.310562,10,19.54916,-1.731166,-2.36499
21.70031,-38.69524,-10,78.3554,6.310562,10,19.53896,-1.730286,-2.308461
21.72031,-38.74039,-10,78.48161,6.310562,10,19.52573,-1.729105,-2.251819
21.74031,-38.78441,-10,78.60783,6.310562,10,19.56735,-1.732759,-2.194434
21.76031,-38.82725,-10,78.73404,6.310562,10,19.5863,-1.734421,-2.135216
21.78031,-38.86889,-10,78.86025,6.310562,10,19.59819,-1.735472,-2.075172
21.80031,-38.90932,-10,78.98647,6.310562,10,19.61208,-1.736704,-2.01456
21.82031,-38.94853,-10,79.11268,6.310562,10,19.62747,-1.738066,-1.953367
21.84031,-38.98651,-10,79.23889,6.310562,10,19.66465,-1.741372,-1.891547
21.86031,-39.02323,-10,79.3651,6.310562,10,19.6314,-1.738437,-1.829047
21.88031,-39.05872,-10,79.49132,6.310562,10,19.68977,-1.743599,-1.766856
21.90031,-39.09294,-10,79.61753,6.310562,10,19.68405,-1.743102,-1.703253
21.92031,-39.12589,-10,79.74374,6.310562,10,19.66959,-1.741812,-1.639994
21.94031,-39.15757,-10,79.86996,6.310562,10,19.71032,-1.745393,-1.576521
21.96031,-39.18798,-10,79.99617,6.310562,10,19.72822,-1.74696,-1.512118
21.98031,-39.21709,-10,80.12238,6.310562,10,19.74157,-1.748141,-1.447499
22.00031,-39.24492,-10,80.2486,6.310562,10,19.75557,-1.749384,-1.383158
22.02031,-39.27147,-10,80.37481,6.310562,10,19.76964,-1.75063,-1.319051
22.04031,-39.29674,-10,80.50102,6.310562,10,19.78474,-1.751964,-1.25496
22.06031,-39.32073,-10,80.62724,6.310562,10,19.82341,-1.755399,-1.190749
22.08031,-39.34344,-10,80.75345,6.310562,10,19.78808,-1.752278,-1.127353
22.10032,-39.36489,-10,80.87966,6.310562,10,19.82456,-1.755492,-1.064413
22.12032,-39.3851,-10,81.00587,6.310562,10,19.84288,-1.757097,-1.001401
22.14032,-39.40404,-10,81.13209,6.310562,10,19.85671,-1.758317,-0.938623
22.16032,-39.42175,-10,81.2583,6.310562,10,19.86961,-1.759459,-0.8765914
22.18032,-39.43822,-10,81.38451,6.310562,10,19.88461,-1.760789,-0.8152192
22.20032,-39.45349,-10,81.51073,6.310562,10,19.89885,-1.762047,-0.7546837
22.22032,-39.46755,-10,81.63694,6.310562,10,19.93636,-1.765378,-0.6944675
22.24032,-39.48043,-10,81.76315,6.310562,10,19.92534,-1.764424,-0.635664
22.26032,-39.49215,-10,81.88937,6.310562,10,19.91272,-1.7633,-0.5784859
22.28032,-39.50275,-10,82.01558,6.310562,10,19.95297,-1.766834,-0.521494
22.30032,-39.51223,-10,82.14179,6.310562,10,19.97099,-1.76841,-0.4650753
22.32032,-39.52059,-10,82.26801,6.310562,10,19.98478,-1.769629,-0.4098133
22.34032,-39.52787,-10,82.39422,6.310562,10,19.99704,-1.770717,-0.3560627
22.36032,-39.53411,-10,82.52043,6.310562,10,20.01158,-1.772005,-0.3036892
22.38032,-39.53933,-10,82.64664,6.310562,10,20.02667,-1.77334,-0.2526515
22.40032,-39.54354,-10,82.77286,6.310562,10,20.04181,-1.774679,-0.2030108
22.42032,-39.5468,-10,82.89907,6.310562,10,20.05601,-1.775932,-0.1548349
22.44032,-39.54911,-10,83.02528,6.310562,10,20.06957,-1.777129,-0.1081638
22.46032,-39.55053,-10,83.1515,6.310562,10,20.08292,-1.778311,-0.06306227
22.48032,-39.55107,-10,83.27771,6.310562,10,20.098,-1.779642,-0.01967475
22.50032,-39.55077,-10,83.40392,6.310562,10,20.11184,-1.780864,0.02203048
22.52032,-39.54967,-10,83.53014,6.310562,10,20.12609,-1.782123,0.06202405
22.54033,-39.54781,-10,83.65635,6.310562,10,20.14095,-1.783435,0.1001408
22.56033,-39.54522,-10,83.78256,6.310562,10,20.15374,-1.784566,0.1363892
22.58033,-39.54193,-10,83.90878,6.310562,10,20.16879,-1.785895,0.1707114
22.60033,-39.53799,-10,84.03499,6.310562,10,20.18285,-1.787138,0.2030873
22.62033,-39.53345,-10,84.1612,6.310562,10,20.19747,-1.788429,0.233405
22.64033,-39.52832,-10,84.28741,6.310562,10,20.23487,-1.791753,0.2622286
22.66033,-39.52268,-10,84.41363,6.310562,10,20.19997,-1.788671,0.2872114
22.68033,-39.51656,-10,84.53984,6.310562,10,20.23586,-1.79183,0.3115198
22.70033,-39.50999,-10,84.66605,6.310562,10,20.25504,-1.793513,0.3335848
22.72033,-39.50302,-10,84.79227,6.310562,10,20.26782,-1.794638,0.3533009
22.74033,-39.4957,-10,84.91848,6.310562,10,20.28195,-1.795889,0.3707244
22.76033,-39.48808,-10,85.04469,6.310562,10,20.29417,-1.796972,0.3858494
22.78033,-39.48019,-10,85.17091,6.310562,10,20.30907,-1.798289,0.3986479
22.80033,-39.47207,-10,85.29712,6.310562,10,20.3465,-1.801615,0.409662
22.82033,-39.46381,-10,85.42333,6.310562,10,20.31136,-1.798511,0.4165361
22.84033,-39.45542,-10,85.54955,6.310562,10,20.34776,-1.801716,0.4228432
22.86033,-39.44695,-10,85.67576,6.310562,10,20.36578,-1.803294,0.4263871
22.88033,-39.43846,-10,85.80197,6.310562,10,20.37998,-1.804547,0.4274149
22.90033,-39.42999,-10,85.92818,6.310562,10,20.39237,-1.805643,0.4260238
22.92033,-39.4216,-10,86.0544,6.310562,10,20.40708,-1.806945,0.4221999
22.94033,-39.41331,-10,86.18061,6.310562,10,20.42183,-1.808249,0.4160018
22.96033,-39.4052,-10,86.30682,6.310562,10,20.43655,-1.80955,0.4073651
22.98034,-39.39729,-10,86.43304,6.310562,10,20.47255,-1.81275,0.3967823
23.00034,-39.38966,-10,86.55925,6.310562,10,20.46093,-1.811744,0.3825819
23.02034,-39.38235,-10,86.68546,6.310562,10,20.44853,-1.810638,0.3662361
23.04034,-39.37538,-10,86.81168,6.310562,10,20.48772,-1.814076,0.3489041
23.06034,-39.36882,-10,86.93789,6.310562,10,20.50516,-1.815602,0.3283567
23.08034,-39.36272,-10,87.0641,6.310562,10,20.51723,-1.816669,0.3052746
23.10034,-39.35711,-10,87.19032,6.310562,10,20.55404,-1.819945,0.2803522
23.12034,-39.35206,-10,87.31653,6.310562,10,20.51898,-1.816852,0.2516842
23.14034,-39.34759,-10,87.44274,6.310562,10,20.55623,-1.820134,0.2225688
23.16034,-39.34375,-10,87.56895,6.310562,10,20.57423,-1.821709,0.1906256
23.18034,-39.3406,-10,87.69517,6.310562,10,20.58772,-1.822898,0.1561569
23.20034,-39.33817,-10,87.82138,6.310562,10,20.62253,-1.825995,0.1199471
23.22034,-39.33652,-10,87.94759,6.310562,10,20.61143,-1.825039,0.08055791
23.24034,-39.33567,-10,88.07381,6.310562,10,20.62211,-1.825992,0.04000923
23.26034,-39.33567,-10,88.20002,6.310562,10,20.63643,-1.827254,-0.002603438
23.28034,-39.33657,-10,88.32623,6.310562,10,20.62713,-1.826406,-0.04760844
23.30034,-39.33838,-10,88.45245,6.310562,10,20.66552,-1.829772,-0.09370749
23.32034,-39.34116,-10,88.57866,6.310562,10,20.68249,-1.831263,-0.1426702
23.34034,-39.34496,-10,88.70487,6.310562,10,20.69418,-1.8323,-0.1934412
23.36034,-39.3498,-10,88.83109,6.310562,10,20.70772,-1.833503,-0.245736
23.38034,-39.35572,-10,88.9573,6.310562,10,20.72219,-1.834786,-0.2996866
23.40034,-39.36274,-10,89.08351,6.310562,10,20.73622,-1.836026,-0.3553299
23.42035,-39.3709,-10,89.20972,6.310562,10,20.75006,-1.837246,-0.4125222
23.44035,-39.38023,-10,89.33594,6.310562,10,20.76434,-1.838506,-0.4713561
23.46035,-39.39076,-10,89.46215,6.310562,10,20.77775,-1.839687,-0.5316767
23.48035,-39.40253,-10,89.58836,6.310562,10,20.79134,-1.840889,-0.5933962
23.50035,-39.41555,-10,89.71458,6.310562,10,20.80498,-1.842095,-0.656339
23.52035,-39.42984,-10,89.84079,6.310562,10,20.81867,-1.843302,-0.7205423
23.54035,-39.44545,-10,89.967,6.310562,10,20.83279,-1.84455,-0.7859213
23.56035,-39.46238,-10,90.09322,6.310562,10,20.84628,-1.845743,-0.8524331
23.58035,-39.48065,-10,90.21943,6.310562,10,20.86012,-1.846967,-0.9198775
23.60035,-39.50029,-10,90.34564,6.310562,10,20.87343,-1.84814,-0.9881601
23.62035,-39.52131,-10,90.47186,6.310562,10,20.88749,-1.849382,-1.057358
23.64035,-39.54372,-10,90.59807,6.310562,10,20.90103,-1.850578,-1.127349
23.66035,-39.56755,-10,90.72428,6.310562,10,20.9141,-1.851732,-1.197946
23.68035,-39.59279,-10,90.85049,6.310562,10,20.92822,-1.852978,-1.269071
23.70035,-39.61947,-10,90.97671,6.310562,10,20.94191,-1.85419,-1.340687
23.72035,-39.64758,-10,91.10292,6.310562,10,20.95539,-1.855381,-1.412635
23.74035,-39.67714,-10,91.22913,6.310562,10,20.99204,-1.85864,-1.485157
23.76035,-39.70815,-10,91.35535,6.310562,10,20.9573,-1.855569,-1.557509
23.78035,-39.7406,-10,91.48156,6.310562,10,20.99233,-1.858651,-1.629502
23.80035,-39.77449,-10,91.60777,6.310562,10,21.01082,-1.860274,-1.702213
23.82035,-39.80984,-10,91.73399,6.310562,10,21.0224,-1.861294,-1.774936
23.84035,-39.84665,-10,91.8602,6.310562,10,21.05819,-1.864477,-1.84762
23.86036,-39.88489,-10,91.98641,6.310562,10,21.02421,-1.861477,-1.91932
23.88036,-39.92455,-10,92.11263,6.310562,10,21.0597,-1.864603,-1.99052
23.90036,-39.96563,-10,92.23884,6.310562,10,21.07727,-1.86614,-2.061742
23.92036,-40.00814,-10,92.36505,6.310562,10,21.09057,-1.867315,-2.132631
23.94036,-40.05204,-10,92.49126,6.310562,10,21.1023,-1.868352,-2.202631
23.96036,-40.09732,-10,92.61748,6.310562,10,21.11683,-1.869637,-2.27178
23.98036,-40.14397,-10,92.74369,6.310562,10,21.1302,-1.87082,-2.340095
24.00036,-40.19197,-10,92.8699,6.310562,10,21.1444,-1.87207,-2.40737
24.02036,-40.24129,-10,92.99612,6.310562,10,21.15722,-1.873202,-2.473718
24.04036,-40.29192,-10,93.12233,6.310562,10,21.17068,-1.874393,-2.538958
24.06036,-40.34383,-10,93.24854,6.310562,10,21.18442,-1.875609,-2.602872
24.08036,-40.397,-10,93.37476,6.310562,10,21.19759,-1.876772,-2.665468
24.10036,-40.4514,-10,93.50097,6.310562,10,21.2335,-1.879964,-2.727186
24.12036,-40.50699,-10,93.62718,6.310562,10,21.19938,-1.876948,-2.786093
24.14036,-40.56373,-10,93.7534,6.310562,10,21.23347,-1.879948,-2.84421
24.16036,-40.62161,-10,93.87961,6.310562,10,21.25225,-1.881593,-2.900954
24.18036,-40.6806,-10,94.00582,6.310562,10,21.26454,-1.882677,-2.95594
24.20036,-40.74065,-10,94.13203,6.310562,10,21.2776,-1.883835,-3.009029
24.22036,-40.80172,-10,94.25825,6.310562,10,21.29053,-1.884979,-3.060073
24.24036,-40.86378,-10,94.38446,6.310562,10,21.30391,-1.886163,-3.109135
24.26036,-40.92678,-10,94.51067,6.310562,10,21.31735,-1.887347,-3.156247
24.28036,-40.99068,-10,94.63689,6.310562,10,21.33096,-1.888547,-3.201265
24.30037,-41.05545,-10,94.7631,6.310562,10,21.34339,-1.889647,-3.244053
24.32037,-41.12103,-10,94.88931,6.310562,10,21.35834,-1.89097,-3.284647
24.34037,-41.18738,-10,95.01553,6.310562,10,21.36969,-1.891971,-3.322858
24.36037,-41.25445,-10,95.14174,6.310562,10,21.38426,-1.893256,-3.358779
24.38037,-41.32219,-10,95.26795,6.310562,10,21.39828,-1.894495,-3.392283
24.40037,-41.39056,-10,95.39417,6.310562,10,21.4109,-1.895608,-3.423322
24.42037,-41.45951,-10,95.52038,6.310562,10,21.42397,-1.896764,-3.451801
24.44037,-41.52897,-10,95.64659,6.310562,10,21.43726,-1.897936,-3.477734
24.46037,-41.59891,-10,95.7728,6.310562,10,21.44927,-1.898997,-3.501044
24.48037,-41.66927,-10,95.89902,6.310562,10,21.46408,-1.900307,-3.521697
24.50037,-41.73999,-10,96.02523,6.310562,10,21.47611,-1.901366,-3.539693
24.52037,-41.81102,-10,96.15144,6.310562,10,21.49157,-1.902733,-3.554982
24.54037,-41.8823,-10,96.27766,6.310562,10,21.50307,-1.903749,-3.567468
24.56037,-41.9538,-10,96.40387,6.310562,10,21.53846,-1.906895,-3.577746
24.58037,-42.02543,-10,96.53008,6.310562,10,21.52663,-1.905872,-3.583904
24.60037,-42.09713,-10,96.6563,6.310562,10,21.51311,-1.904666,-3.587333
24.62037,-42.16888,-10,96.78251,6.310562,10,21.55235,-1.908106,-3.589395
24.64037,-42.24061,-10,96.90872,6.310562,10,21.59241,-1.911649,-3.588492
24.66037,-42.31224,-10,97.03493,6.310562,10,21.55636,-1.908466,-3.582789
24.68037,-42.38374,-10,97.16115,6.310562,10,21.6121,-1.913402,-3.57666
24.70037,-42.45503,-10,97.28736,6.310562,10,21.58231,-1.910765,-3.56552
